src_port,dst_port,length,protocol,tcp_flags,ttl
5353.0,5353.0,119.0,17.0,0.0,255.0
5353.0,5353.0,392.0,17.0,0.0,255.0
5353.0,5353.0,113.0,17.0,0.0,255.0
5353.0,5353.0,392.0,17.0,0.0,255.0
5353.0,5353.0,356.0,17.0,0.0,255.0
5353.0,5353.0,104.0,17.0,0.0,255.0
5353.0,5353.0,474.0,17.0,0.0,255.0
5353.0,5353.0,106.0,17.0,0.0,255.0
5353.0,5353.0,1087.0,17.0,0.0,255.0
63195.0,1900.0,179.0,17.0,0.0,4.0
5353.0,5353.0,113.0,17.0,0.0,255.0
5353.0,5353.0,106.0,17.0,0.0,255.0
5353.0,5353.0,1087.0,17.0,0.0,255.0
49162.0,4501.0,162.0,17.0,0.0,128.0
4501.0,49162.0,162.0,17.0,0.0,53.0
137.0,137.0,110.0,17.0,0.0,64.0
137.0,137.0,110.0,17.0,0.0,64.0
137.0,137.0,110.0,17.0,0.0,64.0
137.0,137.0,110.0,17.0,0.0,64.0
137.0,137.0,110.0,17.0,0.0,64.0
137.0,137.0,110.0,17.0,0.0,64.0
137.0,137.0,110.0,17.0,0.0,64.0
137.0,137.0,110.0,17.0,0.0,64.0
137.0,137.0,110.0,17.0,0.0,64.0
137.0,137.0,110.0,17.0,0.0,64.0
137.0,137.0,110.0,17.0,0.0,64.0
137.0,137.0,110.0,17.0,0.0,64.0
137.0,137.0,110.0,17.0,0.0,64.0
137.0,137.0,110.0,17.0,0.0,64.0
137.0,137.0,110.0,17.0,0.0,64.0
137.0,137.0,110.0,17.0,0.0,64.0
137.0,137.0,110.0,17.0,0.0,64.0
137.0,137.0,110.0,17.0,0.0,64.0
137.0,137.0,110.0,17.0,0.0,64.0
137.0,137.0,110.0,17.0,0.0,64.0
5353.0,5353.0,262.0,17.0,0.0,255.0
5353.0,5353.0,407.0,17.0,0.0,255.0
5353.0,5353.0,104.0,17.0,0.0,255.0
5353.0,5353.0,474.0,17.0,0.0,255.0
5353.0,5353.0,119.0,17.0,0.0,255.0
5353.0,5353.0,106.0,17.0,0.0,255.0
443.0,52064.0,122.0,17.0,0.0,57.0
52064.0,443.0,75.0,17.0,0.0,128.0
35545.0,1900.0,362.0,17.0,0.0,4.0
36911.0,1900.0,418.0,17.0,0.0,4.0
51635.0,1900.0,371.0,17.0,0.0,4.0
138.0,138.0,255.0,17.0,0.0,64.0
39313.0,1900.0,428.0,17.0,0.0,4.0
5353.0,5353.0,119.0,17.0,0.0,255.0
60804.0,1900.0,416.0,17.0,0.0,4.0
44024.0,1900.0,426.0,17.0,0.0,4.0
5353.0,5353.0,392.0,17.0,0.0,255.0
137.0,137.0,110.0,17.0,0.0,64.0
137.0,137.0,110.0,17.0,0.0,64.0
137.0,137.0,110.0,17.0,0.0,64.0
137.0,137.0,110.0,17.0,0.0,64.0
137.0,137.0,110.0,17.0,0.0,64.0
138.0,138.0,255.0,17.0,0.0,64.0
5353.0,5353.0,119.0,17.0,0.0,255.0
5353.0,5353.0,392.0,17.0,0.0,255.0
5353.0,5353.0,113.0,17.0,0.0,255.0
5353.0,5353.0,392.0,17.0,0.0,255.0
5353.0,5353.0,356.0,17.0,0.0,255.0
5353.0,5353.0,104.0,17.0,0.0,255.0
5353.0,5353.0,474.0,17.0,0.0,255.0
5353.0,5353.0,106.0,17.0,0.0,255.0
5353.0,5353.0,1087.0,17.0,0.0,255.0
49162.0,4501.0,162.0,17.0,0.0,128.0
4501.0,49162.0,194.0,17.0,0.0,53.0
137.0,137.0,110.0,17.0,0.0,64.0
137.0,137.0,110.0,17.0,0.0,64.0
137.0,137.0,110.0,17.0,0.0,64.0
137.0,137.0,110.0,17.0,0.0,64.0
137.0,137.0,110.0,17.0,0.0,64.0
59151.0,1900.0,167.0,17.0,0.0,255.0
137.0,137.0,110.0,17.0,0.0,64.0
137.0,137.0,110.0,17.0,0.0,64.0
137.0,137.0,110.0,17.0,0.0,64.0
137.0,137.0,110.0,17.0,0.0,64.0
137.0,137.0,110.0,17.0,0.0,64.0
443.0,51195.0,159.0,6.0,24.0,55.0
51195.0,443.0,54.0,6.0,16.0,128.0
5353.0,5353.0,113.0,17.0,0.0,255.0
5353.0,5353.0,1087.0,17.0,0.0,255.0
5353.0,5353.0,262.0,17.0,0.0,255.0
5353.0,5353.0,356.0,17.0,0.0,255.0
5353.0,5353.0,474.0,17.0,0.0,255.0
5353.0,5353.0,407.0,17.0,0.0,255.0
62434.0,443.0,55.0,6.0,16.0,128.0
443.0,62434.0,66.0,6.0,16.0,53.0
5353.0,5353.0,123.0,17.0,0.0,255.0
5353.0,5353.0,104.0,17.0,0.0,255.0
5353.0,5353.0,104.0,17.0,0.0,255.0
5353.0,5353.0,119.0,17.0,0.0,255.0
138.0,138.0,255.0,17.0,0.0,64.0
137.0,137.0,110.0,17.0,0.0,64.0
137.0,137.0,110.0,17.0,0.0,64.0
137.0,137.0,110.0,17.0,0.0,64.0
137.0,137.0,110.0,17.0,0.0,64.0
137.0,137.0,110.0,17.0,0.0,64.0
137.0,137.0,110.0,17.0,0.0,64.0
137.0,137.0,110.0,17.0,0.0,64.0
137.0,137.0,110.0,17.0,0.0,64.0
137.0,137.0,110.0,17.0,0.0,64.0
137.0,137.0,110.0,17.0,0.0,64.0
5353.0,5353.0,392.0,17.0,0.0,255.0
138.0,138.0,255.0,17.0,0.0,64.0
5353.0,5353.0,119.0,17.0,0.0,255.0
137.0,137.0,110.0,17.0,0.0,64.0
137.0,137.0,110.0,17.0,0.0,64.0
137.0,137.0,110.0,17.0,0.0,64.0
137.0,137.0,110.0,17.0,0.0,64.0
137.0,137.0,110.0,17.0,0.0,64.0
138.0,138.0,255.0,17.0,0.0,64.0
137.0,137.0,110.0,17.0,0.0,64.0
137.0,137.0,110.0,17.0,0.0,64.0
137.0,137.0,110.0,17.0,0.0,64.0
137.0,137.0,110.0,17.0,0.0,64.0
137.0,137.0,110.0,17.0,0.0,64.0
138.0,138.0,255.0,17.0,0.0,64.0
5353.0,5353.0,392.0,17.0,0.0,255.0
51880.0,443.0,113.0,6.0,24.0,128.0
5353.0,5353.0,119.0,17.0,0.0,255.0
443.0,51880.0,60.0,6.0,16.0,55.0
137.0,137.0,110.0,17.0,0.0,64.0
137.0,137.0,110.0,17.0,0.0,64.0
137.0,137.0,110.0,17.0,0.0,64.0
137.0,137.0,110.0,17.0,0.0,64.0
137.0,137.0,110.0,17.0,0.0,64.0
5353.0,5353.0,392.0,17.0,0.0,255.0
5353.0,5353.0,113.0,17.0,0.0,255.0
5353.0,5353.0,474.0,17.0,0.0,255.0
137.0,137.0,110.0,17.0,0.0,64.0
137.0,137.0,110.0,17.0,0.0,64.0
137.0,137.0,110.0,17.0,0.0,64.0
137.0,137.0,110.0,17.0,0.0,64.0
137.0,137.0,110.0,17.0,0.0,64.0
5353.0,5353.0,356.0,17.0,0.0,255.0
5353.0,5353.0,123.0,17.0,0.0,255.0
5353.0,5353.0,1087.0,17.0,0.0,255.0
5353.0,5353.0,113.0,17.0,0.0,255.0
5353.0,5353.0,1087.0,17.0,0.0,255.0
56365.0,1900.0,362.0,17.0,0.0,4.0
56137.0,1900.0,418.0,17.0,0.0,4.0
47571.0,1900.0,371.0,17.0,0.0,4.0
53722.0,1900.0,428.0,17.0,0.0,4.0
54003.0,1900.0,416.0,17.0,0.0,4.0
46095.0,1900.0,426.0,17.0,0.0,4.0
5353.0,5353.0,262.0,17.0,0.0,255.0
137.0,137.0,110.0,17.0,0.0,64.0
137.0,137.0,110.0,17.0,0.0,64.0
137.0,137.0,110.0,17.0,0.0,64.0
137.0,137.0,110.0,17.0,0.0,64.0
137.0,137.0,110.0,17.0,0.0,64.0
137.0,137.0,110.0,17.0,0.0,64.0
137.0,137.0,110.0,17.0,0.0,64.0
137.0,137.0,110.0,17.0,0.0,64.0
137.0,137.0,110.0,17.0,0.0,64.0
137.0,137.0,110.0,17.0,0.0,64.0
5353.0,5353.0,407.0,17.0,0.0,255.0
5353.0,5353.0,474.0,17.0,0.0,255.0
137.0,137.0,110.0,17.0,0.0,64.0
137.0,137.0,110.0,17.0,0.0,64.0
137.0,137.0,110.0,17.0,0.0,64.0
137.0,137.0,110.0,17.0,0.0,64.0
137.0,137.0,110.0,17.0,0.0,64.0
137.0,137.0,110.0,17.0,0.0,64.0
137.0,137.0,110.0,17.0,0.0,64.0
137.0,137.0,110.0,17.0,0.0,64.0
137.0,137.0,110.0,17.0,0.0,64.0
137.0,137.0,110.0,17.0,0.0,64.0
5353.0,5353.0,123.0,17.0,0.0,255.0
5353.0,5353.0,104.0,17.0,0.0,255.0
5353.0,5353.0,119.0,17.0,0.0,255.0
5353.0,5353.0,392.0,17.0,0.0,255.0
443.0,61614.0,78.0,6.0,24.0,55.0
61614.0,443.0,82.0,6.0,24.0,128.0
5353.0,5353.0,119.0,17.0,0.0,255.0
138.0,138.0,255.0,17.0,0.0,64.0
443.0,61614.0,60.0,6.0,16.0,55.0
137.0,137.0,110.0,17.0,0.0,64.0
137.0,137.0,110.0,17.0,0.0,64.0
137.0,137.0,110.0,17.0,0.0,64.0
137.0,137.0,110.0,17.0,0.0,64.0
137.0,137.0,110.0,17.0,0.0,64.0
138.0,138.0,255.0,17.0,0.0,64.0
5353.0,5353.0,392.0,17.0,0.0,255.0
5353.0,5353.0,119.0,17.0,0.0,255.0
5353.0,5353.0,113.0,17.0,0.0,255.0
5353.0,5353.0,392.0,17.0,0.0,255.0
5353.0,5353.0,474.0,17.0,0.0,255.0
5353.0,5353.0,356.0,17.0,0.0,255.0
5353.0,5353.0,123.0,17.0,0.0,255.0
5353.0,5353.0,104.0,17.0,0.0,255.0
5353.0,5353.0,1087.0,17.0,0.0,255.0
5353.0,5353.0,794.0,17.0,0.0,1.0
49162.0,4501.0,866.0,17.0,0.0,128.0
5353.0,5353.0,89.0,17.0,0.0,1.0
49162.0,4501.0,162.0,17.0,0.0,128.0
5353.0,5353.0,89.0,17.0,0.0,1.0
49162.0,4501.0,162.0,17.0,0.0,128.0
5353.0,5353.0,89.0,17.0,0.0,1.0
49162.0,4501.0,162.0,17.0,0.0,128.0
54457.0,9999.0,100.0,17.0,0.0,64.0
49162.0,4501.0,930.0,17.0,0.0,128.0
5353.0,5353.0,939.0,17.0,0.0,1.0
49162.0,4501.0,866.0,17.0,0.0,128.0
5353.0,5353.0,879.0,17.0,0.0,1.0
5353.0,5353.0,113.0,17.0,0.0,255.0
5353.0,5353.0,1087.0,17.0,0.0,255.0
60361.0,1900.0,362.0,17.0,0.0,4.0
37762.0,1900.0,418.0,17.0,0.0,4.0
58846.0,1900.0,371.0,17.0,0.0,4.0
137.0,137.0,110.0,17.0,0.0,64.0
137.0,137.0,110.0,17.0,0.0,64.0
137.0,137.0,110.0,17.0,0.0,64.0
137.0,137.0,110.0,17.0,0.0,64.0
137.0,137.0,110.0,17.0,0.0,64.0
137.0,137.0,110.0,17.0,0.0,64.0
137.0,137.0,110.0,17.0,0.0,64.0
137.0,137.0,110.0,17.0,0.0,64.0
137.0,137.0,110.0,17.0,0.0,64.0
137.0,137.0,110.0,17.0,0.0,64.0
53854.0,1900.0,428.0,17.0,0.0,4.0
37990.0,1900.0,416.0,17.0,0.0,4.0
44372.0,1900.0,426.0,17.0,0.0,4.0
443.0,59749.0,78.0,6.0,24.0,52.0
59749.0,443.0,82.0,6.0,24.0,128.0
443.0,59749.0,60.0,6.0,16.0,52.0
5353.0,5353.0,474.0,17.0,0.0,255.0
5353.0,5353.0,407.0,17.0,0.0,255.0
5353.0,5353.0,123.0,17.0,0.0,255.0
5353.0,5353.0,104.0,17.0,0.0,255.0
5353.0,5353.0,104.0,17.0,0.0,255.0
5353.0,5353.0,119.0,17.0,0.0,255.0
138.0,138.0,255.0,17.0,0.0,64.0
138.0,138.0,255.0,17.0,0.0,64.0
5353.0,5353.0,392.0,17.0,0.0,255.0
5353.0,5353.0,119.0,17.0,0.0,255.0
137.0,137.0,110.0,17.0,0.0,64.0
137.0,137.0,110.0,17.0,0.0,64.0
137.0,137.0,110.0,17.0,0.0,64.0
137.0,137.0,110.0,17.0,0.0,64.0
137.0,137.0,110.0,17.0,0.0,64.0
138.0,138.0,255.0,17.0,0.0,64.0
137.0,137.0,110.0,17.0,0.0,64.0
137.0,137.0,110.0,17.0,0.0,64.0
443.0,52064.0,122.0,17.0,0.0,57.0
52064.0,443.0,75.0,17.0,0.0,128.0
137.0,137.0,110.0,17.0,0.0,64.0
137.0,137.0,110.0,17.0,0.0,64.0
137.0,137.0,110.0,17.0,0.0,64.0
138.0,138.0,255.0,17.0,0.0,64.0
5353.0,5353.0,392.0,17.0,0.0,255.0
5353.0,5353.0,119.0,17.0,0.0,255.0
62544.0,443.0,1292.0,17.0,0.0,128.0
62544.0,443.0,1292.0,17.0,0.0,128.0
62544.0,443.0,1292.0,17.0,0.0,128.0
62544.0,443.0,117.0,17.0,0.0,128.0
62544.0,443.0,796.0,17.0,0.0,128.0
62544.0,443.0,161.0,17.0,0.0,128.0
62544.0,443.0,161.0,17.0,0.0,128.0
443.0,62544.0,82.0,17.0,0.0,56.0
443.0,62544.0,82.0,17.0,0.0,56.0
443.0,62544.0,1292.0,17.0,0.0,56.0
443.0,62544.0,1292.0,17.0,0.0,56.0
443.0,62544.0,1292.0,17.0,0.0,56.0
443.0,62544.0,348.0,17.0,0.0,56.0
443.0,62544.0,986.0,17.0,0.0,56.0
443.0,62544.0,67.0,17.0,0.0,56.0
443.0,62544.0,66.0,17.0,0.0,56.0
62544.0,443.0,1292.0,17.0,0.0,128.0
62544.0,443.0,73.0,17.0,0.0,128.0
443.0,62544.0,574.0,17.0,0.0,56.0
62544.0,443.0,77.0,17.0,0.0,128.0
443.0,62544.0,65.0,17.0,0.0,56.0
443.0,62544.0,128.0,17.0,0.0,56.0
443.0,62544.0,128.0,17.0,0.0,56.0
62544.0,443.0,77.0,17.0,0.0,128.0
443.0,62544.0,162.0,17.0,0.0,56.0
62544.0,443.0,77.0,17.0,0.0,128.0
443.0,62544.0,65.0,17.0,0.0,56.0
443.0,62544.0,65.0,17.0,0.0,56.0
443.0,62544.0,65.0,17.0,0.0,56.0
5353.0,5353.0,113.0,17.0,0.0,255.0
5353.0,5353.0,474.0,17.0,0.0,255.0
5353.0,5353.0,392.0,17.0,0.0,255.0
5353.0,5353.0,356.0,17.0,0.0,255.0
5353.0,5353.0,123.0,17.0,0.0,255.0
5353.0,5353.0,104.0,17.0,0.0,255.0
5353.0,5353.0,1087.0,17.0,0.0,255.0
49162.0,4501.0,162.0,17.0,0.0,128.0
4501.0,49162.0,162.0,17.0,0.0,53.0
5353.0,5353.0,113.0,17.0,0.0,255.0
5353.0,5353.0,1087.0,17.0,0.0,255.0
137.0,137.0,110.0,17.0,0.0,64.0
137.0,137.0,110.0,17.0,0.0,64.0
137.0,137.0,110.0,17.0,0.0,64.0
137.0,137.0,110.0,17.0,0.0,64.0
137.0,137.0,110.0,17.0,0.0,64.0
137.0,137.0,110.0,17.0,0.0,64.0
137.0,137.0,110.0,17.0,0.0,64.0
137.0,137.0,110.0,17.0,0.0,64.0
137.0,137.0,110.0,17.0,0.0,64.0
137.0,137.0,110.0,17.0,0.0,64.0
137.0,137.0,110.0,17.0,0.0,64.0
137.0,137.0,110.0,17.0,0.0,64.0
137.0,137.0,110.0,17.0,0.0,64.0
137.0,137.0,110.0,17.0,0.0,64.0
137.0,137.0,110.0,17.0,0.0,64.0
137.0,137.0,110.0,17.0,0.0,64.0
137.0,137.0,110.0,17.0,0.0,64.0
137.0,137.0,110.0,17.0,0.0,64.0
137.0,137.0,110.0,17.0,0.0,64.0
137.0,137.0,110.0,17.0,0.0,64.0
38789.0,1900.0,362.0,17.0,0.0,4.0
49384.0,1900.0,418.0,17.0,0.0,4.0
57608.0,1900.0,371.0,17.0,0.0,4.0
54642.0,1900.0,428.0,17.0,0.0,4.0
5353.0,5353.0,474.0,17.0,0.0,255.0
5353.0,5353.0,262.0,17.0,0.0,255.0
5353.0,5353.0,356.0,17.0,0.0,255.0
40760.0,1900.0,416.0,17.0,0.0,4.0
53982.0,1900.0,426.0,17.0,0.0,4.0
5353.0,5353.0,474.0,17.0,0.0,255.0
5353.0,5353.0,104.0,17.0,0.0,255.0
5353.0,5353.0,407.0,17.0,0.0,255.0
57621.0,57621.0,86.0,17.0,0.0,128.0
5353.0,5353.0,119.0,17.0,0.0,255.0
5353.0,5353.0,123.0,17.0,0.0,255.0
5353.0,5353.0,119.0,17.0,0.0,255.0
5353.0,5353.0,392.0,17.0,0.0,255.0
138.0,138.0,255.0,17.0,0.0,64.0
5353.0,5353.0,119.0,17.0,0.0,255.0
137.0,137.0,110.0,17.0,0.0,64.0
137.0,137.0,110.0,17.0,0.0,64.0
137.0,137.0,110.0,17.0,0.0,64.0
137.0,137.0,110.0,17.0,0.0,64.0
137.0,137.0,110.0,17.0,0.0,64.0
138.0,138.0,255.0,17.0,0.0,64.0
5353.0,5353.0,392.0,17.0,0.0,255.0
443.0,51880.0,249.0,6.0,24.0,55.0
51880.0,443.0,54.0,6.0,16.0,128.0
5353.0,5353.0,113.0,17.0,0.0,255.0
5353.0,5353.0,392.0,17.0,0.0,255.0
5353.0,5353.0,104.0,17.0,0.0,255.0
5353.0,5353.0,474.0,17.0,0.0,255.0
5353.0,5353.0,106.0,17.0,0.0,255.0
5353.0,5353.0,356.0,17.0,0.0,255.0
5353.0,5353.0,1087.0,17.0,0.0,255.0
137.0,137.0,110.0,17.0,0.0,64.0
137.0,137.0,110.0,17.0,0.0,64.0
137.0,137.0,110.0,17.0,0.0,64.0
137.0,137.0,110.0,17.0,0.0,64.0
137.0,137.0,110.0,17.0,0.0,64.0
137.0,137.0,110.0,17.0,0.0,64.0
137.0,137.0,110.0,17.0,0.0,64.0
137.0,137.0,110.0,17.0,0.0,64.0
137.0,137.0,110.0,17.0,0.0,64.0
137.0,137.0,110.0,17.0,0.0,64.0
5353.0,5353.0,113.0,17.0,0.0,255.0
55901.0,443.0,55.0,6.0,16.0,128.0
443.0,55901.0,66.0,6.0,16.0,119.0
5353.0,5353.0,1087.0,17.0,0.0,255.0
443.0,52064.0,122.0,17.0,0.0,57.0
52064.0,443.0,75.0,17.0,0.0,128.0
5353.0,5353.0,262.0,17.0,0.0,255.0
57824.0,1900.0,362.0,17.0,0.0,4.0
37905.0,1900.0,418.0,17.0,0.0,4.0
5353.0,5353.0,123.0,17.0,0.0,255.0
43008.0,1900.0,371.0,17.0,0.0,4.0
5353.0,5353.0,407.0,17.0,0.0,255.0
5353.0,5353.0,474.0,17.0,0.0,255.0
57475.0,1900.0,428.0,17.0,0.0,4.0
36281.0,1900.0,416.0,17.0,0.0,4.0
5353.0,5353.0,119.0,17.0,0.0,255.0
53792.0,1900.0,426.0,17.0,0.0,4.0
5353.0,5353.0,104.0,17.0,0.0,255.0
5353.0,5353.0,119.0,17.0,0.0,255.0
138.0,138.0,255.0,17.0,0.0,64.0
5353.0,5353.0,392.0,17.0,0.0,255.0
5353.0,5353.0,119.0,17.0,0.0,255.0
137.0,137.0,110.0,17.0,0.0,64.0
137.0,137.0,110.0,17.0,0.0,64.0
137.0,137.0,110.0,17.0,0.0,64.0
137.0,137.0,110.0,17.0,0.0,64.0
137.0,137.0,110.0,17.0,0.0,64.0
138.0,138.0,255.0,17.0,0.0,64.0
49162.0,4501.0,146.0,17.0,0.0,128.0
4501.0,49162.0,322.0,17.0,0.0,53.0
5353.0,5353.0,392.0,17.0,0.0,255.0
5353.0,5353.0,113.0,17.0,0.0,255.0
5353.0,5353.0,123.0,17.0,0.0,255.0
5353.0,5353.0,392.0,17.0,0.0,255.0
5353.0,5353.0,474.0,17.0,0.0,255.0
5353.0,5353.0,356.0,17.0,0.0,255.0
5353.0,5353.0,1087.0,17.0,0.0,255.0
5353.0,5353.0,113.0,17.0,0.0,255.0
54992.0,27036.0,114.0,6.0,24.0,128.0
27036.0,54992.0,54.0,6.0,16.0,128.0
27036.0,54992.0,101.0,6.0,24.0,128.0
54992.0,27036.0,54.0,6.0,16.0,128.0
5353.0,5353.0,1087.0,17.0,0.0,255.0
443.0,52064.0,122.0,17.0,0.0,57.0
52064.0,443.0,75.0,17.0,0.0,128.0
137.0,137.0,110.0,17.0,0.0,64.0
137.0,137.0,110.0,17.0,0.0,64.0
137.0,137.0,110.0,17.0,0.0,64.0
137.0,137.0,110.0,17.0,0.0,64.0
137.0,137.0,110.0,17.0,0.0,64.0
137.0,137.0,110.0,17.0,0.0,64.0
137.0,137.0,110.0,17.0,0.0,64.0
137.0,137.0,110.0,17.0,0.0,64.0
137.0,137.0,110.0,17.0,0.0,64.0
137.0,137.0,110.0,17.0,0.0,64.0
5353.0,5353.0,262.0,17.0,0.0,255.0
5353.0,5353.0,407.0,17.0,0.0,255.0
5353.0,5353.0,474.0,17.0,0.0,255.0
5353.0,5353.0,123.0,17.0,0.0,255.0
5353.0,5353.0,119.0,17.0,0.0,255.0
5353.0,5353.0,104.0,17.0,0.0,255.0
5353.0,5353.0,104.0,17.0,0.0,255.0
5353.0,5353.0,119.0,17.0,0.0,255.0
138.0,138.0,255.0,17.0,0.0,64.0
5353.0,5353.0,392.0,17.0,0.0,255.0
138.0,138.0,255.0,17.0,0.0,64.0
5353.0,5353.0,119.0,17.0,0.0,255.0
137.0,137.0,110.0,17.0,0.0,64.0
137.0,137.0,110.0,17.0,0.0,64.0
137.0,137.0,110.0,17.0,0.0,64.0
137.0,137.0,110.0,17.0,0.0,64.0
137.0,137.0,110.0,17.0,0.0,64.0
138.0,138.0,255.0,17.0,0.0,64.0
5353.0,5353.0,392.0,17.0,0.0,255.0
137.0,137.0,110.0,17.0,0.0,64.0
137.0,137.0,110.0,17.0,0.0,64.0
137.0,137.0,110.0,17.0,0.0,64.0
137.0,137.0,110.0,17.0,0.0,64.0
137.0,137.0,110.0,17.0,0.0,64.0
138.0,138.0,255.0,17.0,0.0,64.0
5353.0,5353.0,113.0,17.0,0.0,255.0
49162.0,4501.0,146.0,17.0,0.0,128.0
4501.0,49162.0,322.0,17.0,0.0,53.0
49162.0,4501.0,146.0,17.0,0.0,128.0
5353.0,5353.0,392.0,17.0,0.0,255.0
5353.0,5353.0,474.0,17.0,0.0,255.0
5353.0,5353.0,356.0,17.0,0.0,255.0
4501.0,49162.0,322.0,17.0,0.0,53.0
5353.0,5353.0,106.0,17.0,0.0,255.0
5353.0,5353.0,104.0,17.0,0.0,255.0
55431.0,443.0,55.0,6.0,16.0,128.0
443.0,55431.0,66.0,6.0,16.0,55.0
5353.0,5353.0,1087.0,17.0,0.0,255.0
5353.0,5353.0,113.0,17.0,0.0,255.0
52877.0,443.0,66.0,6.0,2.0,128.0
443.0,52877.0,66.0,6.0,18.0,54.0
52877.0,443.0,54.0,6.0,16.0,128.0
52877.0,443.0,1494.0,6.0,16.0,128.0
52877.0,443.0,646.0,6.0,24.0,128.0
443.0,52877.0,54.0,6.0,16.0,54.0
443.0,52877.0,153.0,6.0,24.0,54.0
52877.0,443.0,900.0,6.0,24.0,128.0
443.0,52877.0,335.0,6.0,24.0,54.0
52877.0,443.0,128.0,6.0,24.0,128.0
52877.0,443.0,146.0,6.0,24.0,128.0
52877.0,443.0,326.0,6.0,24.0,128.0
443.0,52877.0,54.0,6.0,16.0,54.0
443.0,52877.0,125.0,6.0,24.0,54.0
52877.0,443.0,85.0,6.0,24.0,128.0
443.0,52877.0,1514.0,6.0,16.0,54.0
52877.0,443.0,54.0,6.0,16.0,128.0
443.0,52877.0,1514.0,6.0,24.0,54.0
443.0,52877.0,1514.0,6.0,16.0,54.0
52877.0,443.0,54.0,6.0,16.0,128.0
443.0,52877.0,1514.0,6.0,24.0,54.0
443.0,52877.0,1514.0,6.0,16.0,54.0
52877.0,443.0,54.0,6.0,16.0,128.0
443.0,52877.0,1514.0,6.0,24.0,54.0
443.0,52877.0,1514.0,6.0,16.0,54.0
443.0,52877.0,1514.0,6.0,24.0,54.0
52877.0,443.0,54.0,6.0,16.0,128.0
443.0,52877.0,1514.0,6.0,16.0,54.0
52877.0,443.0,54.0,6.0,16.0,128.0
443.0,52877.0,1514.0,6.0,24.0,54.0
52877.0,443.0,54.0,6.0,16.0,128.0
443.0,52877.0,1514.0,6.0,16.0,54.0
52877.0,443.0,54.0,6.0,16.0,128.0
443.0,52877.0,1514.0,6.0,16.0,54.0
52877.0,443.0,54.0,6.0,16.0,128.0
443.0,52877.0,1514.0,6.0,24.0,54.0
443.0,52877.0,1514.0,6.0,16.0,54.0
52877.0,443.0,54.0,6.0,16.0,128.0
443.0,52877.0,1514.0,6.0,24.0,54.0
443.0,52877.0,1514.0,6.0,16.0,54.0
443.0,52877.0,1514.0,6.0,24.0,54.0
52877.0,443.0,54.0,6.0,16.0,128.0
443.0,52877.0,1514.0,6.0,16.0,54.0
443.0,52877.0,1514.0,6.0,24.0,54.0
443.0,52877.0,1514.0,6.0,16.0,54.0
443.0,52877.0,1514.0,6.0,24.0,54.0
52877.0,443.0,54.0,6.0,16.0,128.0
443.0,52877.0,1514.0,6.0,16.0,54.0
443.0,52877.0,1514.0,6.0,24.0,54.0
52877.0,443.0,54.0,6.0,16.0,128.0
443.0,52877.0,1514.0,6.0,16.0,54.0
52877.0,443.0,54.0,6.0,16.0,128.0
443.0,52877.0,1514.0,6.0,24.0,54.0
443.0,52877.0,1514.0,6.0,16.0,54.0
443.0,52877.0,1514.0,6.0,24.0,54.0
52877.0,443.0,54.0,6.0,16.0,128.0
443.0,52877.0,1514.0,6.0,16.0,54.0
443.0,52877.0,1514.0,6.0,24.0,54.0
52877.0,443.0,54.0,6.0,16.0,128.0
443.0,52877.0,1514.0,6.0,16.0,54.0
52877.0,443.0,54.0,6.0,16.0,128.0
443.0,52877.0,1514.0,6.0,24.0,54.0
443.0,52877.0,1514.0,6.0,16.0,54.0
443.0,52877.0,1514.0,6.0,24.0,54.0
52877.0,443.0,54.0,6.0,16.0,128.0
443.0,52877.0,1514.0,6.0,16.0,54.0
443.0,52877.0,1514.0,6.0,24.0,54.0
52877.0,443.0,54.0,6.0,16.0,128.0
443.0,52877.0,1514.0,6.0,16.0,54.0
52877.0,443.0,54.0,6.0,16.0,128.0
443.0,52877.0,1514.0,6.0,24.0,54.0
443.0,52877.0,1514.0,6.0,16.0,54.0
52877.0,443.0,54.0,6.0,16.0,128.0
443.0,52877.0,1514.0,6.0,24.0,54.0
443.0,52877.0,1514.0,6.0,16.0,54.0
443.0,52877.0,1514.0,6.0,24.0,54.0
52877.0,443.0,54.0,6.0,16.0,128.0
443.0,52877.0,1514.0,6.0,16.0,54.0
443.0,52877.0,1514.0,6.0,24.0,54.0
52877.0,443.0,54.0,6.0,16.0,128.0
443.0,52877.0,174.0,6.0,24.0,54.0
52877.0,443.0,54.0,6.0,16.0,128.0
57476.0,1900.0,362.0,17.0,0.0,4.0
5353.0,5353.0,1087.0,17.0,0.0,255.0
48136.0,1900.0,418.0,17.0,0.0,4.0
56294.0,1900.0,371.0,17.0,0.0,4.0
40715.0,1900.0,428.0,17.0,0.0,4.0
51195.0,443.0,172.0,6.0,24.0,128.0
443.0,51195.0,60.0,6.0,16.0,55.0
443.0,52064.0,122.0,17.0,0.0,57.0
52064.0,443.0,75.0,17.0,0.0,128.0
443.0,51195.0,87.0,6.0,24.0,55.0
51162.0,1900.0,416.0,17.0,0.0,4.0
37267.0,1900.0,426.0,17.0,0.0,4.0
56968.0,443.0,55.0,6.0,16.0,128.0
443.0,56968.0,66.0,6.0,16.0,111.0
51195.0,443.0,54.0,6.0,16.0,128.0
137.0,137.0,110.0,17.0,0.0,64.0
137.0,137.0,110.0,17.0,0.0,64.0
137.0,137.0,110.0,17.0,0.0,64.0
137.0,137.0,110.0,17.0,0.0,64.0
137.0,137.0,110.0,17.0,0.0,64.0
137.0,137.0,110.0,17.0,0.0,64.0
137.0,137.0,110.0,17.0,0.0,64.0
137.0,137.0,110.0,17.0,0.0,64.0
137.0,137.0,110.0,17.0,0.0,64.0
137.0,137.0,110.0,17.0,0.0,64.0
52245.0,443.0,55.0,6.0,16.0,128.0
443.0,52245.0,66.0,6.0,16.0,111.0
137.0,137.0,110.0,17.0,0.0,64.0
137.0,137.0,110.0,17.0,0.0,64.0
137.0,137.0,110.0,17.0,0.0,64.0
137.0,137.0,110.0,17.0,0.0,64.0
137.0,137.0,110.0,17.0,0.0,64.0
137.0,137.0,110.0,17.0,0.0,64.0
137.0,137.0,110.0,17.0,0.0,64.0
137.0,137.0,110.0,17.0,0.0,64.0
137.0,137.0,110.0,17.0,0.0,64.0
137.0,137.0,110.0,17.0,0.0,64.0
5353.0,5353.0,262.0,17.0,0.0,255.0
49162.0,4501.0,162.0,17.0,0.0,128.0
4501.0,49162.0,162.0,17.0,0.0,53.0
5353.0,5353.0,104.0,17.0,0.0,255.0
5353.0,5353.0,104.0,17.0,0.0,255.0
5353.0,5353.0,407.0,17.0,0.0,255.0
5353.0,5353.0,474.0,17.0,0.0,255.0
5353.0,5353.0,106.0,17.0,0.0,255.0
138.0,138.0,255.0,17.0,0.0,64.0
137.0,137.0,110.0,17.0,0.0,64.0
137.0,137.0,110.0,17.0,0.0,64.0
137.0,137.0,110.0,17.0,0.0,64.0
137.0,137.0,110.0,17.0,0.0,64.0
137.0,137.0,110.0,17.0,0.0,64.0
138.0,138.0,255.0,17.0,0.0,64.0
137.0,137.0,110.0,17.0,0.0,64.0
137.0,137.0,110.0,17.0,0.0,64.0
137.0,137.0,110.0,17.0,0.0,64.0
137.0,137.0,110.0,17.0,0.0,64.0
137.0,137.0,110.0,17.0,0.0,64.0
5353.0,5353.0,119.0,17.0,0.0,255.0
5353.0,5353.0,392.0,17.0,0.0,255.0
138.0,138.0,255.0,17.0,0.0,64.0
137.0,137.0,110.0,17.0,0.0,64.0
137.0,137.0,110.0,17.0,0.0,64.0
137.0,137.0,110.0,17.0,0.0,64.0
137.0,137.0,110.0,17.0,0.0,64.0
137.0,137.0,110.0,17.0,0.0,64.0
138.0,138.0,255.0,17.0,0.0,64.0
5353.0,5353.0,119.0,17.0,0.0,255.0
5353.0,5353.0,392.0,17.0,0.0,255.0
5353.0,5353.0,119.0,17.0,0.0,255.0
5353.0,5353.0,392.0,17.0,0.0,255.0
5353.0,5353.0,104.0,17.0,0.0,255.0
5353.0,5353.0,104.0,17.0,0.0,255.0
5353.0,5353.0,113.0,17.0,0.0,255.0
5353.0,5353.0,356.0,17.0,0.0,255.0
5353.0,5353.0,474.0,17.0,0.0,255.0
5353.0,5353.0,106.0,17.0,0.0,255.0
5353.0,5353.0,1087.0,17.0,0.0,255.0
51314.0,443.0,55.0,6.0,16.0,128.0
443.0,51314.0,66.0,6.0,16.0,55.0
63473.0,443.0,55.0,6.0,16.0,128.0
443.0,63473.0,66.0,6.0,16.0,57.0
137.0,137.0,110.0,17.0,0.0,64.0
137.0,137.0,110.0,17.0,0.0,64.0
137.0,137.0,110.0,17.0,0.0,64.0
137.0,137.0,110.0,17.0,0.0,64.0
137.0,137.0,110.0,17.0,0.0,64.0
137.0,137.0,110.0,17.0,0.0,64.0
137.0,137.0,110.0,17.0,0.0,64.0
137.0,137.0,110.0,17.0,0.0,64.0
137.0,137.0,110.0,17.0,0.0,64.0
137.0,137.0,110.0,17.0,0.0,64.0
5353.0,5353.0,1087.0,17.0,0.0,255.0
137.0,137.0,110.0,17.0,0.0,64.0
137.0,137.0,110.0,17.0,0.0,64.0
137.0,137.0,110.0,17.0,0.0,64.0
137.0,137.0,110.0,17.0,0.0,64.0
137.0,137.0,110.0,17.0,0.0,64.0
137.0,137.0,110.0,17.0,0.0,64.0
137.0,137.0,110.0,17.0,0.0,64.0
137.0,137.0,110.0,17.0,0.0,64.0
137.0,137.0,110.0,17.0,0.0,64.0
137.0,137.0,110.0,17.0,0.0,64.0
5353.0,5353.0,113.0,17.0,0.0,255.0
52184.0,1900.0,362.0,17.0,0.0,4.0
38427.0,1900.0,418.0,17.0,0.0,4.0
34695.0,1900.0,371.0,17.0,0.0,4.0
43025.0,1900.0,428.0,17.0,0.0,4.0
43937.0,1900.0,416.0,17.0,0.0,4.0
43248.0,1900.0,426.0,17.0,0.0,4.0
443.0,51880.0,256.0,6.0,24.0,55.0
5353.0,5353.0,262.0,17.0,0.0,255.0
51880.0,443.0,54.0,6.0,16.0,128.0
5353.0,5353.0,262.0,17.0,0.0,255.0
5353.0,5353.0,474.0,17.0,0.0,255.0
5353.0,5353.0,104.0,17.0,0.0,255.0
443.0,62434.0,78.0,6.0,24.0,53.0
443.0,62434.0,54.0,6.0,17.0,53.0
62434.0,443.0,54.0,6.0,16.0,128.0
5353.0,5353.0,106.0,17.0,0.0,255.0
5353.0,5353.0,407.0,17.0,0.0,255.0
138.0,138.0,255.0,17.0,0.0,64.0
137.0,137.0,110.0,17.0,0.0,64.0
137.0,137.0,110.0,17.0,0.0,64.0
137.0,137.0,110.0,17.0,0.0,64.0
137.0,137.0,110.0,17.0,0.0,64.0
137.0,137.0,110.0,17.0,0.0,64.0
137.0,137.0,110.0,17.0,0.0,64.0
137.0,137.0,110.0,17.0,0.0,64.0
137.0,137.0,110.0,17.0,0.0,64.0
137.0,137.0,110.0,17.0,0.0,64.0
137.0,137.0,110.0,17.0,0.0,64.0
138.0,138.0,255.0,17.0,0.0,64.0
5353.0,5353.0,119.0,17.0,0.0,255.0
138.0,138.0,255.0,17.0,0.0,64.0
5353.0,5353.0,392.0,17.0,0.0,255.0
137.0,137.0,110.0,17.0,0.0,64.0
137.0,137.0,110.0,17.0,0.0,64.0
137.0,137.0,110.0,17.0,0.0,64.0
137.0,137.0,110.0,17.0,0.0,64.0
137.0,137.0,110.0,17.0,0.0,64.0
138.0,138.0,255.0,17.0,0.0,64.0
5353.0,5353.0,119.0,17.0,0.0,255.0
5353.0,5353.0,392.0,17.0,0.0,255.0
5353.0,5353.0,119.0,17.0,0.0,255.0
5353.0,5353.0,392.0,17.0,0.0,255.0
5353.0,5353.0,474.0,17.0,0.0,255.0
5353.0,5353.0,104.0,17.0,0.0,255.0
5353.0,5353.0,113.0,17.0,0.0,255.0
5353.0,5353.0,106.0,17.0,0.0,255.0
5353.0,5353.0,356.0,17.0,0.0,255.0
5353.0,5353.0,1087.0,17.0,0.0,255.0
443.0,51880.0,156.0,6.0,24.0,55.0
51880.0,443.0,54.0,6.0,16.0,128.0
5353.0,5353.0,1087.0,17.0,0.0,255.0
5353.0,5353.0,113.0,17.0,0.0,255.0
137.0,137.0,110.0,17.0,0.0,64.0
137.0,137.0,110.0,17.0,0.0,64.0
137.0,137.0,110.0,17.0,0.0,64.0
137.0,137.0,110.0,17.0,0.0,64.0
137.0,137.0,110.0,17.0,0.0,64.0
137.0,137.0,110.0,17.0,0.0,64.0
137.0,137.0,110.0,17.0,0.0,64.0
137.0,137.0,110.0,17.0,0.0,64.0
137.0,137.0,110.0,17.0,0.0,64.0
137.0,137.0,110.0,17.0,0.0,64.0
443.0,61614.0,78.0,6.0,24.0,55.0
61614.0,443.0,82.0,6.0,24.0,128.0
137.0,137.0,110.0,17.0,0.0,64.0
137.0,137.0,110.0,17.0,0.0,64.0
137.0,137.0,110.0,17.0,0.0,64.0
137.0,137.0,110.0,17.0,0.0,64.0
137.0,137.0,110.0,17.0,0.0,64.0
137.0,137.0,110.0,17.0,0.0,64.0
137.0,137.0,110.0,17.0,0.0,64.0
137.0,137.0,110.0,17.0,0.0,64.0
137.0,137.0,110.0,17.0,0.0,64.0
137.0,137.0,110.0,17.0,0.0,64.0
443.0,61614.0,60.0,6.0,16.0,55.0
61036.0,443.0,104.0,6.0,24.0,128.0
443.0,61036.0,93.0,6.0,24.0,111.0
61036.0,443.0,54.0,6.0,16.0,128.0
5353.0,5353.0,407.0,17.0,0.0,255.0
5353.0,5353.0,474.0,17.0,0.0,255.0
5353.0,5353.0,119.0,17.0,0.0,255.0
5353.0,5353.0,123.0,17.0,0.0,255.0
5353.0,5353.0,104.0,17.0,0.0,255.0
5353.0,5353.0,104.0,17.0,0.0,255.0
138.0,138.0,255.0,17.0,0.0,64.0
5353.0,5353.0,392.0,17.0,0.0,255.0
5353.0,5353.0,119.0,17.0,0.0,255.0
137.0,137.0,110.0,17.0,0.0,64.0
137.0,137.0,110.0,17.0,0.0,64.0
137.0,137.0,110.0,17.0,0.0,64.0
137.0,137.0,110.0,17.0,0.0,64.0
137.0,137.0,110.0,17.0,0.0,64.0
138.0,138.0,255.0,17.0,0.0,64.0
55131.0,1900.0,362.0,17.0,0.0,4.0
45575.0,1900.0,418.0,17.0,0.0,4.0
36313.0,1900.0,371.0,17.0,0.0,4.0
40202.0,1900.0,428.0,17.0,0.0,4.0
32864.0,1900.0,416.0,17.0,0.0,4.0
5353.0,5353.0,392.0,17.0,0.0,255.0
42896.0,1900.0,426.0,17.0,0.0,4.0
5353.0,5353.0,119.0,17.0,0.0,255.0
5353.0,5353.0,113.0,17.0,0.0,255.0
5353.0,5353.0,392.0,17.0,0.0,255.0
5353.0,5353.0,356.0,17.0,0.0,255.0
5353.0,5353.0,474.0,17.0,0.0,255.0
5353.0,5353.0,1087.0,17.0,0.0,255.0
5353.0,5353.0,123.0,17.0,0.0,255.0
5353.0,5353.0,104.0,17.0,0.0,255.0
5353.0,5353.0,104.0,17.0,0.0,255.0
137.0,137.0,110.0,17.0,0.0,64.0
137.0,137.0,110.0,17.0,0.0,64.0
137.0,137.0,110.0,17.0,0.0,64.0
137.0,137.0,110.0,17.0,0.0,64.0
137.0,137.0,110.0,17.0,0.0,64.0
137.0,137.0,110.0,17.0,0.0,64.0
137.0,137.0,110.0,17.0,0.0,64.0
137.0,137.0,110.0,17.0,0.0,64.0
137.0,137.0,110.0,17.0,0.0,64.0
137.0,137.0,110.0,17.0,0.0,64.0
443.0,59749.0,78.0,6.0,24.0,52.0
59749.0,443.0,82.0,6.0,24.0,128.0
62375.0,443.0,104.0,6.0,24.0,128.0
443.0,59749.0,60.0,6.0,16.0,52.0
443.0,62375.0,93.0,6.0,24.0,112.0
62375.0,443.0,54.0,6.0,16.0,128.0
5353.0,5353.0,113.0,17.0,0.0,255.0
5353.0,5353.0,1087.0,17.0,0.0,255.0
443.0,52064.0,122.0,17.0,0.0,57.0
52064.0,443.0,75.0,17.0,0.0,128.0
5353.0,5353.0,407.0,17.0,0.0,255.0
5353.0,5353.0,474.0,17.0,0.0,255.0
5353.0,5353.0,104.0,17.0,0.0,255.0
5353.0,5353.0,104.0,17.0,0.0,255.0
5353.0,5353.0,123.0,17.0,0.0,255.0
5353.0,5353.0,119.0,17.0,0.0,255.0
138.0,138.0,255.0,17.0,0.0,64.0
5353.0,5353.0,392.0,17.0,0.0,255.0
5353.0,5353.0,119.0,17.0,0.0,255.0
137.0,137.0,110.0,17.0,0.0,64.0
137.0,137.0,110.0,17.0,0.0,64.0
137.0,137.0,110.0,17.0,0.0,64.0
137.0,137.0,110.0,17.0,0.0,64.0
137.0,137.0,110.0,17.0,0.0,64.0
138.0,138.0,255.0,17.0,0.0,64.0
5353.0,5353.0,392.0,17.0,0.0,255.0
5353.0,5353.0,119.0,17.0,0.0,255.0
48063.0,1900.0,362.0,17.0,0.0,4.0
47906.0,1900.0,418.0,17.0,0.0,4.0
55334.0,1900.0,371.0,17.0,0.0,4.0
56451.0,1900.0,428.0,17.0,0.0,4.0
46322.0,1900.0,416.0,17.0,0.0,4.0
5353.0,5353.0,113.0,17.0,0.0,255.0
59432.0,1900.0,426.0,17.0,0.0,4.0
5353.0,5353.0,392.0,17.0,0.0,255.0
5353.0,5353.0,474.0,17.0,0.0,255.0
5353.0,5353.0,356.0,17.0,0.0,255.0
51880.0,443.0,113.0,6.0,24.0,128.0
5353.0,5353.0,123.0,17.0,0.0,255.0
49162.0,4501.0,162.0,17.0,0.0,128.0
4501.0,49162.0,162.0,17.0,0.0,53.0
443.0,51880.0,60.0,6.0,16.0,55.0
5353.0,5353.0,1087.0,17.0,0.0,255.0
5353.0,5353.0,113.0,17.0,0.0,255.0
5353.0,5353.0,1087.0,17.0,0.0,255.0
137.0,137.0,110.0,17.0,0.0,64.0
137.0,137.0,110.0,17.0,0.0,64.0
137.0,137.0,110.0,17.0,0.0,64.0
137.0,137.0,110.0,17.0,0.0,64.0
137.0,137.0,110.0,17.0,0.0,64.0
137.0,137.0,110.0,17.0,0.0,64.0
137.0,137.0,110.0,17.0,0.0,64.0
137.0,137.0,110.0,17.0,0.0,64.0
137.0,137.0,110.0,17.0,0.0,64.0
137.0,137.0,110.0,17.0,0.0,64.0
5353.0,5353.0,356.0,17.0,0.0,255.0
5353.0,5353.0,474.0,17.0,0.0,255.0
54457.0,9999.0,100.0,17.0,0.0,64.0
5353.0,5353.0,262.0,17.0,0.0,255.0
5353.0,5353.0,123.0,17.0,0.0,255.0
5353.0,5353.0,407.0,17.0,0.0,255.0
5353.0,5353.0,474.0,17.0,0.0,255.0
5353.0,5353.0,104.0,17.0,0.0,255.0
5353.0,5353.0,119.0,17.0,0.0,255.0
138.0,138.0,255.0,17.0,0.0,64.0
5353.0,5353.0,119.0,17.0,0.0,255.0
138.0,138.0,255.0,17.0,0.0,64.0
5353.0,5353.0,392.0,17.0,0.0,255.0
137.0,137.0,110.0,17.0,0.0,64.0
137.0,137.0,110.0,17.0,0.0,64.0
137.0,137.0,110.0,17.0,0.0,64.0
137.0,137.0,110.0,17.0,0.0,64.0
137.0,137.0,110.0,17.0,0.0,64.0
138.0,138.0,255.0,17.0,0.0,64.0
137.0,137.0,110.0,17.0,0.0,64.0
137.0,137.0,110.0,17.0,0.0,64.0
137.0,137.0,110.0,17.0,0.0,64.0
137.0,137.0,110.0,17.0,0.0,64.0
137.0,137.0,110.0,17.0,0.0,64.0
138.0,138.0,255.0,17.0,0.0,64.0
5353.0,5353.0,119.0,17.0,0.0,255.0
5353.0,5353.0,392.0,17.0,0.0,255.0
5353.0,5353.0,113.0,17.0,0.0,255.0
50104.0,1900.0,362.0,17.0,0.0,4.0
55716.0,1900.0,418.0,17.0,0.0,4.0
5353.0,5353.0,123.0,17.0,0.0,255.0
52552.0,1900.0,371.0,17.0,0.0,4.0
5353.0,5353.0,392.0,17.0,0.0,255.0
5353.0,5353.0,356.0,17.0,0.0,255.0
49506.0,1900.0,428.0,17.0,0.0,4.0
5353.0,5353.0,104.0,17.0,0.0,255.0
5353.0,5353.0,474.0,17.0,0.0,255.0
53425.0,1900.0,416.0,17.0,0.0,4.0
54907.0,1900.0,426.0,17.0,0.0,4.0
5353.0,5353.0,1087.0,17.0,0.0,255.0
5353.0,5353.0,113.0,17.0,0.0,255.0
443.0,52064.0,122.0,17.0,0.0,57.0
52064.0,443.0,75.0,17.0,0.0,128.0
5353.0,5353.0,1087.0,17.0,0.0,255.0
137.0,137.0,110.0,17.0,0.0,64.0
137.0,137.0,110.0,17.0,0.0,64.0
137.0,137.0,110.0,17.0,0.0,64.0
137.0,137.0,110.0,17.0,0.0,64.0
137.0,137.0,110.0,17.0,0.0,64.0
137.0,137.0,110.0,17.0,0.0,64.0
137.0,137.0,110.0,17.0,0.0,64.0
137.0,137.0,110.0,17.0,0.0,64.0
137.0,137.0,110.0,17.0,0.0,64.0
137.0,137.0,110.0,17.0,0.0,64.0
137.0,137.0,110.0,17.0,0.0,64.0
137.0,137.0,110.0,17.0,0.0,64.0
137.0,137.0,110.0,17.0,0.0,64.0
137.0,137.0,110.0,17.0,0.0,64.0
137.0,137.0,110.0,17.0,0.0,64.0
137.0,137.0,110.0,17.0,0.0,64.0
137.0,137.0,110.0,17.0,0.0,64.0
137.0,137.0,110.0,17.0,0.0,64.0
137.0,137.0,110.0,17.0,0.0,64.0
137.0,137.0,110.0,17.0,0.0,64.0
5353.0,5353.0,262.0,17.0,0.0,255.0
5353.0,5353.0,104.0,17.0,0.0,255.0
5353.0,5353.0,407.0,17.0,0.0,255.0
5353.0,5353.0,123.0,17.0,0.0,255.0
5353.0,5353.0,474.0,17.0,0.0,255.0
5353.0,5353.0,119.0,17.0,0.0,255.0
5353.0,5353.0,119.0,17.0,0.0,255.0
5353.0,5353.0,392.0,17.0,0.0,255.0
138.0,138.0,255.0,17.0,0.0,64.0
5353.0,5353.0,119.0,17.0,0.0,255.0
137.0,137.0,110.0,17.0,0.0,64.0
137.0,137.0,110.0,17.0,0.0,64.0
137.0,137.0,110.0,17.0,0.0,64.0
137.0,137.0,110.0,17.0,0.0,64.0
137.0,137.0,110.0,17.0,0.0,64.0
138.0,138.0,255.0,17.0,0.0,64.0
5353.0,5353.0,392.0,17.0,0.0,255.0
5353.0,5353.0,113.0,17.0,0.0,255.0
5353.0,5353.0,392.0,17.0,0.0,255.0
5353.0,5353.0,104.0,17.0,0.0,255.0
5353.0,5353.0,356.0,17.0,0.0,255.0
5353.0,5353.0,106.0,17.0,0.0,255.0
5353.0,5353.0,474.0,17.0,0.0,255.0
5353.0,5353.0,1087.0,17.0,0.0,255.0
62434.0,443.0,54.0,6.0,17.0,128.0
62434.0,443.0,54.0,6.0,20.0,128.0
49162.0,4501.0,162.0,17.0,0.0,128.0
63473.0,443.0,1132.0,6.0,24.0,128.0
4501.0,49162.0,178.0,17.0,0.0,53.0
443.0,63473.0,60.0,6.0,16.0,57.0
443.0,63473.0,425.0,6.0,24.0,57.0
443.0,63473.0,100.0,6.0,24.0,57.0
63473.0,443.0,54.0,6.0,16.0,128.0
137.0,137.0,110.0,17.0,0.0,64.0
137.0,137.0,110.0,17.0,0.0,64.0
137.0,137.0,110.0,17.0,0.0,64.0
137.0,137.0,110.0,17.0,0.0,64.0
137.0,137.0,110.0,17.0,0.0,64.0
443.0,52064.0,122.0,17.0,0.0,57.0
52064.0,443.0,75.0,17.0,0.0,128.0
137.0,137.0,110.0,17.0,0.0,64.0
137.0,137.0,110.0,17.0,0.0,64.0
137.0,137.0,110.0,17.0,0.0,64.0
137.0,137.0,110.0,17.0,0.0,64.0
137.0,137.0,110.0,17.0,0.0,64.0
5353.0,5353.0,113.0,17.0,0.0,255.0
38836.0,1900.0,362.0,17.0,0.0,4.0
44820.0,1900.0,418.0,17.0,0.0,4.0
37605.0,1900.0,371.0,17.0,0.0,4.0
45334.0,1900.0,428.0,17.0,0.0,4.0
5353.0,5353.0,1087.0,17.0,0.0,255.0
43031.0,1900.0,416.0,17.0,0.0,4.0
58897.0,1900.0,426.0,17.0,0.0,4.0
64226.0,1900.0,212.0,17.0,0.0,1.0
49162.0,4501.0,274.0,17.0,0.0,128.0
53902.0,64226.0,385.0,17.0,0.0,64.0
53902.0,64226.0,385.0,17.0,0.0,64.0
1900.0,64226.0,374.0,17.0,0.0,64.0
53902.0,64226.0,385.0,17.0,0.0,64.0
53902.0,64226.0,385.0,17.0,0.0,64.0
50497.0,443.0,55.0,6.0,16.0,128.0
56802.0,443.0,1292.0,17.0,0.0,128.0
56802.0,443.0,1292.0,17.0,0.0,128.0
56802.0,443.0,117.0,17.0,0.0,128.0
52064.0,443.0,1285.0,17.0,0.0,128.0
52064.0,443.0,1292.0,17.0,0.0,128.0
52064.0,443.0,94.0,17.0,0.0,128.0
443.0,52064.0,75.0,17.0,0.0,57.0
443.0,56802.0,82.0,17.0,0.0,56.0
443.0,56802.0,1292.0,17.0,0.0,56.0
52064.0,443.0,75.0,17.0,0.0,128.0
443.0,56802.0,1292.0,17.0,0.0,56.0
443.0,56802.0,345.0,17.0,0.0,56.0
443.0,56802.0,672.0,17.0,0.0,56.0
56802.0,443.0,120.0,17.0,0.0,128.0
56802.0,443.0,73.0,17.0,0.0,128.0
56802.0,443.0,1288.0,17.0,0.0,128.0
56802.0,443.0,1292.0,17.0,0.0,128.0
56802.0,443.0,518.0,17.0,0.0,128.0
56802.0,443.0,714.0,17.0,0.0,128.0
56802.0,443.0,1288.0,17.0,0.0,128.0
56802.0,443.0,731.0,17.0,0.0,128.0
443.0,52064.0,1057.0,17.0,0.0,57.0
443.0,52064.0,141.0,17.0,0.0,57.0
443.0,56802.0,169.0,17.0,0.0,56.0
52064.0,443.0,82.0,17.0,0.0,128.0
443.0,56802.0,67.0,17.0,0.0,56.0
443.0,56802.0,67.0,17.0,0.0,56.0
443.0,56802.0,67.0,17.0,0.0,56.0
443.0,56802.0,72.0,17.0,0.0,56.0
56802.0,443.0,74.0,17.0,0.0,128.0
443.0,52064.0,68.0,17.0,0.0,57.0
443.0,56802.0,887.0,17.0,0.0,56.0
443.0,56802.0,287.0,17.0,0.0,56.0
56802.0,443.0,77.0,17.0,0.0,128.0
443.0,56802.0,668.0,17.0,0.0,56.0
443.0,56802.0,288.0,17.0,0.0,56.0
56802.0,443.0,77.0,17.0,0.0,128.0
443.0,56802.0,65.0,17.0,0.0,56.0
443.0,50497.0,66.0,6.0,16.0,104.0
5353.0,5353.0,262.0,17.0,0.0,255.0
57742.0,5228.0,55.0,6.0,16.0,128.0
5228.0,57742.0,66.0,6.0,16.0,119.0
1900.0,64226.0,319.0,17.0,0.0,64.0
5353.0,5353.0,407.0,17.0,0.0,255.0
5353.0,5353.0,474.0,17.0,0.0,255.0
5353.0,5353.0,119.0,17.0,0.0,255.0
5353.0,5353.0,104.0,17.0,0.0,255.0
5353.0,5353.0,104.0,17.0,0.0,255.0
5353.0,5353.0,106.0,17.0,0.0,255.0
5353.0,5353.0,119.0,17.0,0.0,255.0
64226.0,1900.0,212.0,17.0,0.0,1.0
49162.0,4501.0,274.0,17.0,0.0,128.0
5353.0,5353.0,392.0,17.0,0.0,255.0
138.0,138.0,255.0,17.0,0.0,64.0
5353.0,5353.0,119.0,17.0,0.0,255.0
33356.0,64226.0,385.0,17.0,0.0,64.0
33356.0,64226.0,385.0,17.0,0.0,64.0
1900.0,64226.0,374.0,17.0,0.0,64.0
137.0,137.0,110.0,17.0,0.0,64.0
137.0,137.0,110.0,17.0,0.0,64.0
137.0,137.0,110.0,17.0,0.0,64.0
137.0,137.0,110.0,17.0,0.0,64.0
137.0,137.0,110.0,17.0,0.0,64.0
138.0,138.0,255.0,17.0,0.0,64.0
5353.0,5353.0,392.0,17.0,0.0,255.0
5353.0,5353.0,113.0,17.0,0.0,255.0
33356.0,64226.0,385.0,17.0,0.0,64.0
33356.0,64226.0,385.0,17.0,0.0,64.0
5353.0,5353.0,356.0,17.0,0.0,255.0
5353.0,5353.0,392.0,17.0,0.0,255.0
5353.0,5353.0,474.0,17.0,0.0,255.0
5353.0,5353.0,104.0,17.0,0.0,255.0
5353.0,5353.0,1087.0,17.0,0.0,255.0
5353.0,5353.0,106.0,17.0,0.0,255.0
64226.0,1900.0,212.0,17.0,0.0,1.0
49162.0,4501.0,274.0,17.0,0.0,128.0
1900.0,64226.0,319.0,17.0,0.0,64.0
43568.0,64226.0,385.0,17.0,0.0,64.0
43568.0,64226.0,385.0,17.0,0.0,64.0
1900.0,64226.0,374.0,17.0,0.0,64.0
43568.0,64226.0,385.0,17.0,0.0,64.0
43568.0,64226.0,385.0,17.0,0.0,64.0
443.0,52064.0,122.0,17.0,0.0,57.0
52064.0,443.0,75.0,17.0,0.0,128.0
5353.0,5353.0,113.0,17.0,0.0,255.0
1900.0,64226.0,319.0,17.0,0.0,64.0
5353.0,5353.0,1087.0,17.0,0.0,255.0
52349.0,1900.0,362.0,17.0,0.0,4.0
53840.0,1900.0,418.0,17.0,0.0,4.0
38964.0,1900.0,371.0,17.0,0.0,4.0
43282.0,1900.0,428.0,17.0,0.0,4.0
34493.0,1900.0,416.0,17.0,0.0,4.0
51321.0,1900.0,426.0,17.0,0.0,4.0
49162.0,4501.0,274.0,17.0,0.0,128.0
64226.0,1900.0,212.0,17.0,0.0,1.0
46580.0,64226.0,385.0,17.0,0.0,64.0
46580.0,64226.0,385.0,17.0,0.0,64.0
1900.0,64226.0,374.0,17.0,0.0,64.0
49162.0,4501.0,162.0,17.0,0.0,128.0
4501.0,49162.0,162.0,17.0,0.0,53.0
137.0,137.0,110.0,17.0,0.0,64.0
137.0,137.0,110.0,17.0,0.0,64.0
137.0,137.0,110.0,17.0,0.0,64.0
137.0,137.0,110.0,17.0,0.0,64.0
137.0,137.0,110.0,17.0,0.0,64.0
137.0,137.0,110.0,17.0,0.0,64.0
137.0,137.0,110.0,17.0,0.0,64.0
137.0,137.0,110.0,17.0,0.0,64.0
137.0,137.0,110.0,17.0,0.0,64.0
137.0,137.0,110.0,17.0,0.0,64.0
46580.0,64226.0,385.0,17.0,0.0,64.0
46580.0,64226.0,385.0,17.0,0.0,64.0
5353.0,5353.0,262.0,17.0,0.0,255.0
1900.0,64226.0,319.0,17.0,0.0,64.0
5353.0,5353.0,356.0,17.0,0.0,255.0
5353.0,5353.0,123.0,17.0,0.0,255.0
5353.0,5353.0,407.0,17.0,0.0,255.0
5353.0,5353.0,474.0,17.0,0.0,255.0
57621.0,57621.0,86.0,17.0,0.0,128.0
5353.0,5353.0,119.0,17.0,0.0,255.0
5353.0,5353.0,104.0,17.0,0.0,255.0
5353.0,5353.0,104.0,17.0,0.0,255.0
5353.0,5353.0,119.0,17.0,0.0,255.0
138.0,138.0,255.0,17.0,0.0,64.0
5353.0,5353.0,392.0,17.0,0.0,255.0
5353.0,5353.0,119.0,17.0,0.0,255.0
137.0,137.0,110.0,17.0,0.0,64.0
137.0,137.0,110.0,17.0,0.0,64.0
137.0,137.0,110.0,17.0,0.0,64.0
137.0,137.0,110.0,17.0,0.0,64.0
137.0,137.0,110.0,17.0,0.0,64.0
138.0,138.0,255.0,17.0,0.0,64.0
5353.0,5353.0,392.0,17.0,0.0,255.0
5353.0,5353.0,113.0,17.0,0.0,255.0
5353.0,5353.0,123.0,17.0,0.0,255.0
5353.0,5353.0,392.0,17.0,0.0,255.0
5353.0,5353.0,474.0,17.0,0.0,255.0
5353.0,5353.0,356.0,17.0,0.0,255.0
5353.0,5353.0,1087.0,17.0,0.0,255.0
5353.0,5353.0,113.0,17.0,0.0,255.0
5353.0,5353.0,1087.0,17.0,0.0,255.0
51119.0,1900.0,362.0,17.0,0.0,4.0
45690.0,1900.0,418.0,17.0,0.0,4.0
45396.0,1900.0,371.0,17.0,0.0,4.0
56435.0,1900.0,428.0,17.0,0.0,4.0
53652.0,1900.0,416.0,17.0,0.0,4.0
40192.0,1900.0,426.0,17.0,0.0,4.0
49162.0,4501.0,162.0,17.0,0.0,128.0
4501.0,49162.0,178.0,17.0,0.0,53.0
137.0,137.0,110.0,17.0,0.0,64.0
137.0,137.0,110.0,17.0,0.0,64.0
137.0,137.0,110.0,17.0,0.0,64.0
137.0,137.0,110.0,17.0,0.0,64.0
137.0,137.0,110.0,17.0,0.0,64.0
137.0,137.0,110.0,17.0,0.0,64.0
137.0,137.0,110.0,17.0,0.0,64.0
137.0,137.0,110.0,17.0,0.0,64.0
137.0,137.0,110.0,17.0,0.0,64.0
137.0,137.0,110.0,17.0,0.0,64.0
5353.0,5353.0,262.0,17.0,0.0,255.0
49162.0,4501.0,162.0,17.0,0.0,128.0
5353.0,5353.0,474.0,17.0,0.0,255.0
5353.0,5353.0,407.0,17.0,0.0,255.0
5353.0,5353.0,104.0,17.0,0.0,255.0
5353.0,5353.0,119.0,17.0,0.0,255.0
49162.0,4501.0,146.0,17.0,0.0,128.0
4501.0,49162.0,338.0,17.0,0.0,53.0
4501.0,49162.0,210.0,17.0,0.0,53.0
138.0,138.0,255.0,17.0,0.0,64.0
5353.0,5353.0,104.0,17.0,0.0,255.0
5353.0,5353.0,123.0,17.0,0.0,255.0
5353.0,5353.0,119.0,17.0,0.0,255.0
137.0,137.0,110.0,17.0,0.0,64.0
137.0,137.0,110.0,17.0,0.0,64.0
137.0,137.0,110.0,17.0,0.0,64.0
137.0,137.0,110.0,17.0,0.0,64.0
137.0,137.0,110.0,17.0,0.0,64.0
138.0,138.0,255.0,17.0,0.0,64.0
5353.0,5353.0,392.0,17.0,0.0,255.0
137.0,137.0,110.0,17.0,0.0,64.0
137.0,137.0,110.0,17.0,0.0,64.0
137.0,137.0,110.0,17.0,0.0,64.0
137.0,137.0,110.0,17.0,0.0,64.0
137.0,137.0,110.0,17.0,0.0,64.0
138.0,138.0,255.0,17.0,0.0,64.0
5353.0,5353.0,119.0,17.0,0.0,255.0
65032.0,443.0,1292.0,17.0,0.0,128.0
65032.0,443.0,1292.0,17.0,0.0,128.0
65032.0,443.0,124.0,17.0,0.0,128.0
65032.0,443.0,426.0,17.0,0.0,128.0
5353.0,5353.0,392.0,17.0,0.0,255.0
137.0,137.0,110.0,17.0,0.0,64.0
137.0,137.0,110.0,17.0,0.0,64.0
137.0,137.0,110.0,17.0,0.0,64.0
5353.0,5353.0,113.0,17.0,0.0,255.0
137.0,137.0,110.0,17.0,0.0,64.0
137.0,137.0,110.0,17.0,0.0,64.0
138.0,138.0,255.0,17.0,0.0,64.0
443.0,65032.0,82.0,17.0,0.0,56.0
443.0,65032.0,1292.0,17.0,0.0,56.0
443.0,65032.0,1292.0,17.0,0.0,56.0
443.0,65032.0,342.0,17.0,0.0,56.0
65032.0,443.0,120.0,17.0,0.0,128.0
443.0,65032.0,992.0,17.0,0.0,56.0
443.0,65032.0,87.0,17.0,0.0,56.0
65032.0,443.0,73.0,17.0,0.0,128.0
443.0,65032.0,66.0,17.0,0.0,56.0
443.0,65032.0,162.0,17.0,0.0,56.0
65032.0,443.0,73.0,17.0,0.0,128.0
443.0,65032.0,64.0,17.0,0.0,56.0
443.0,65032.0,410.0,17.0,0.0,56.0
65032.0,443.0,77.0,17.0,0.0,128.0
443.0,65032.0,63.0,17.0,0.0,56.0
63473.0,443.0,54.0,6.0,17.0,128.0
55901.0,443.0,54.0,6.0,17.0,128.0
55431.0,443.0,54.0,6.0,17.0,128.0
51314.0,443.0,54.0,6.0,17.0,128.0
443.0,65032.0,65.0,17.0,0.0,56.0
443.0,63473.0,60.0,6.0,16.0,57.0
443.0,63473.0,78.0,6.0,24.0,57.0
63473.0,443.0,54.0,6.0,20.0,128.0
443.0,63473.0,54.0,6.0,17.0,57.0
443.0,55901.0,54.0,6.0,17.0,119.0
55901.0,443.0,54.0,6.0,16.0,128.0
443.0,51314.0,54.0,6.0,17.0,55.0
51314.0,443.0,54.0,6.0,16.0,128.0
443.0,55431.0,54.0,6.0,17.0,55.0
55431.0,443.0,54.0,6.0,16.0,128.0
65032.0,443.0,74.0,17.0,0.0,128.0
56700.0,56700.0,78.0,17.0,0.0,64.0
5353.0,5353.0,392.0,17.0,0.0,255.0
5353.0,5353.0,474.0,17.0,0.0,255.0
5353.0,5353.0,356.0,17.0,0.0,255.0
5353.0,5353.0,104.0,17.0,0.0,255.0
50070.0,443.0,66.0,6.0,2.0,128.0
50718.0,443.0,66.0,6.0,2.0,128.0
443.0,50070.0,66.0,6.0,18.0,117.0
50070.0,443.0,54.0,6.0,16.0,128.0
50070.0,443.0,1494.0,6.0,16.0,128.0
50070.0,443.0,350.0,6.0,24.0,128.0
443.0,50718.0,66.0,6.0,18.0,117.0
50718.0,443.0,54.0,6.0,16.0,128.0
50718.0,443.0,1494.0,6.0,16.0,128.0
50718.0,443.0,382.0,6.0,24.0,128.0
443.0,50070.0,54.0,6.0,16.0,118.0
443.0,50718.0,54.0,6.0,16.0,118.0
443.0,50070.0,153.0,6.0,24.0,118.0
443.0,50718.0,153.0,6.0,24.0,118.0
50070.0,443.0,636.0,6.0,24.0,128.0
50718.0,443.0,668.0,6.0,24.0,128.0
443.0,50070.0,54.0,6.0,16.0,118.0
443.0,50070.0,1514.0,6.0,16.0,118.0
443.0,50070.0,1514.0,6.0,16.0,118.0
50070.0,443.0,54.0,6.0,16.0,128.0
443.0,50070.0,1514.0,6.0,16.0,118.0
443.0,50070.0,1514.0,6.0,16.0,118.0
50070.0,443.0,54.0,6.0,16.0,128.0
443.0,50070.0,305.0,6.0,24.0,118.0
443.0,50718.0,54.0,6.0,16.0,118.0
50070.0,443.0,128.0,6.0,24.0,128.0
50070.0,443.0,146.0,6.0,24.0,128.0
50070.0,443.0,1035.0,6.0,24.0,128.0
443.0,50718.0,1514.0,6.0,16.0,118.0
443.0,50718.0,305.0,6.0,24.0,118.0
443.0,50718.0,1514.0,6.0,16.0,118.0
50718.0,443.0,66.0,6.0,16.0,128.0
50718.0,443.0,66.0,6.0,16.0,128.0
443.0,50718.0,1514.0,6.0,16.0,118.0
443.0,50718.0,1514.0,6.0,16.0,118.0
50718.0,443.0,66.0,6.0,16.0,128.0
50718.0,443.0,54.0,6.0,16.0,128.0
50718.0,443.0,128.0,6.0,24.0,128.0
50718.0,443.0,146.0,6.0,24.0,128.0
50718.0,443.0,931.0,6.0,24.0,128.0
443.0,50070.0,54.0,6.0,16.0,118.0
443.0,50718.0,54.0,6.0,16.0,118.0
443.0,50070.0,513.0,6.0,24.0,118.0
443.0,50070.0,116.0,6.0,24.0,118.0
443.0,50718.0,513.0,6.0,24.0,118.0
443.0,50718.0,116.0,6.0,24.0,118.0
50070.0,443.0,54.0,6.0,16.0,128.0
50718.0,443.0,54.0,6.0,16.0,128.0
50718.0,443.0,85.0,6.0,24.0,128.0
50070.0,443.0,85.0,6.0,24.0,128.0
443.0,50718.0,85.0,6.0,24.0,118.0
443.0,50718.0,54.0,6.0,16.0,118.0
443.0,50070.0,85.0,6.0,24.0,118.0
50070.0,443.0,54.0,6.0,16.0,128.0
50718.0,443.0,54.0,6.0,16.0,128.0
443.0,50718.0,730.0,6.0,24.0,118.0
50718.0,443.0,845.0,6.0,24.0,128.0
443.0,50070.0,737.0,6.0,24.0,118.0
50070.0,443.0,943.0,6.0,24.0,128.0
5353.0,5353.0,1087.0,17.0,0.0,255.0
443.0,50718.0,60.0,6.0,16.0,118.0
443.0,50070.0,54.0,6.0,16.0,118.0
5353.0,5353.0,106.0,17.0,0.0,255.0
443.0,50718.0,1514.0,6.0,16.0,118.0
443.0,50718.0,442.0,6.0,24.0,118.0
443.0,50718.0,1514.0,6.0,16.0,118.0
50718.0,443.0,54.0,6.0,16.0,128.0
443.0,50718.0,1514.0,6.0,16.0,118.0
443.0,50718.0,1514.0,6.0,16.0,118.0
443.0,50718.0,1514.0,6.0,16.0,118.0
443.0,50718.0,1514.0,6.0,16.0,118.0
443.0,50718.0,977.0,6.0,24.0,118.0
443.0,50718.0,1514.0,6.0,16.0,118.0
443.0,50718.0,1514.0,6.0,16.0,118.0
443.0,50718.0,1514.0,6.0,16.0,118.0
443.0,50718.0,1418.0,6.0,24.0,118.0
443.0,50718.0,1514.0,6.0,16.0,118.0
443.0,50718.0,1514.0,6.0,16.0,118.0
443.0,50718.0,1514.0,6.0,16.0,118.0
443.0,50718.0,1514.0,6.0,16.0,118.0
443.0,50718.0,1514.0,6.0,16.0,118.0
443.0,50718.0,977.0,6.0,24.0,118.0
443.0,50718.0,1514.0,6.0,16.0,118.0
443.0,50718.0,1514.0,6.0,16.0,118.0
443.0,50718.0,1514.0,6.0,16.0,118.0
443.0,50718.0,1514.0,6.0,16.0,118.0
50718.0,443.0,54.0,6.0,16.0,128.0
443.0,50070.0,544.0,6.0,24.0,118.0
443.0,50070.0,1514.0,6.0,16.0,118.0
443.0,50070.0,1514.0,6.0,16.0,118.0
443.0,50070.0,1514.0,6.0,16.0,118.0
443.0,50070.0,1514.0,6.0,16.0,118.0
443.0,50070.0,1514.0,6.0,16.0,118.0
443.0,50070.0,1514.0,6.0,16.0,118.0
443.0,50070.0,1514.0,6.0,16.0,118.0
443.0,50070.0,977.0,6.0,24.0,118.0
443.0,50070.0,1514.0,6.0,16.0,118.0
443.0,50070.0,1514.0,6.0,16.0,118.0
443.0,50070.0,1309.0,6.0,24.0,118.0
443.0,50070.0,1514.0,6.0,16.0,118.0
443.0,50070.0,1514.0,6.0,16.0,118.0
443.0,50070.0,1514.0,6.0,16.0,118.0
443.0,50070.0,1514.0,6.0,16.0,118.0
443.0,50070.0,1514.0,6.0,16.0,118.0
443.0,50070.0,977.0,6.0,24.0,118.0
443.0,50070.0,1514.0,6.0,16.0,118.0
443.0,50070.0,1514.0,6.0,16.0,118.0
443.0,50070.0,1514.0,6.0,16.0,118.0
443.0,50070.0,1514.0,6.0,16.0,118.0
50070.0,443.0,66.0,6.0,16.0,128.0
50070.0,443.0,66.0,6.0,16.0,128.0
50070.0,443.0,54.0,6.0,16.0,128.0
50070.0,443.0,54.0,6.0,16.0,128.0
443.0,50718.0,1514.0,6.0,16.0,118.0
443.0,50718.0,1514.0,6.0,24.0,118.0
443.0,50718.0,1514.0,6.0,16.0,118.0
443.0,50718.0,1514.0,6.0,16.0,118.0
443.0,50718.0,1514.0,6.0,16.0,118.0
443.0,50718.0,1514.0,6.0,16.0,118.0
443.0,50718.0,1514.0,6.0,16.0,118.0
443.0,50718.0,1514.0,6.0,24.0,118.0
443.0,50718.0,1514.0,6.0,16.0,118.0
443.0,50718.0,1514.0,6.0,16.0,118.0
443.0,50718.0,1514.0,6.0,16.0,118.0
443.0,50718.0,1514.0,6.0,16.0,118.0
443.0,50718.0,1514.0,6.0,24.0,118.0
443.0,50718.0,1514.0,6.0,16.0,118.0
443.0,50718.0,1514.0,6.0,16.0,118.0
443.0,50718.0,1514.0,6.0,16.0,118.0
443.0,50718.0,1514.0,6.0,16.0,118.0
443.0,50718.0,1514.0,6.0,16.0,118.0
443.0,50718.0,1514.0,6.0,24.0,118.0
443.0,50718.0,1514.0,6.0,16.0,118.0
443.0,50718.0,1514.0,6.0,16.0,118.0
443.0,50718.0,1514.0,6.0,16.0,118.0
443.0,50718.0,1514.0,6.0,16.0,118.0
443.0,50718.0,1514.0,6.0,16.0,118.0
443.0,50718.0,1514.0,6.0,24.0,118.0
443.0,50718.0,1514.0,6.0,16.0,118.0
443.0,50718.0,1514.0,6.0,16.0,118.0
443.0,50718.0,1514.0,6.0,16.0,118.0
443.0,50718.0,1514.0,6.0,16.0,118.0
50718.0,443.0,54.0,6.0,16.0,128.0
443.0,50070.0,1514.0,6.0,16.0,117.0
50070.0,443.0,54.0,6.0,16.0,128.0
443.0,50070.0,1514.0,6.0,24.0,118.0
443.0,50070.0,1514.0,6.0,16.0,118.0
443.0,50070.0,1514.0,6.0,16.0,118.0
443.0,50070.0,1514.0,6.0,16.0,118.0
443.0,50070.0,1514.0,6.0,16.0,118.0
443.0,50070.0,1514.0,6.0,16.0,118.0
443.0,50070.0,1514.0,6.0,24.0,118.0
443.0,50070.0,1514.0,6.0,16.0,118.0
443.0,50070.0,1514.0,6.0,16.0,118.0
443.0,50070.0,1514.0,6.0,16.0,118.0
443.0,50070.0,1514.0,6.0,16.0,118.0
443.0,50070.0,1514.0,6.0,24.0,118.0
443.0,50070.0,1514.0,6.0,16.0,118.0
443.0,50070.0,1514.0,6.0,16.0,118.0
443.0,50070.0,1514.0,6.0,16.0,118.0
443.0,50070.0,1514.0,6.0,16.0,118.0
443.0,50070.0,1514.0,6.0,16.0,118.0
443.0,50070.0,1514.0,6.0,24.0,118.0
443.0,50070.0,1514.0,6.0,16.0,118.0
443.0,50070.0,1514.0,6.0,16.0,118.0
443.0,50070.0,1514.0,6.0,16.0,118.0
443.0,50070.0,1514.0,6.0,16.0,118.0
443.0,50070.0,1514.0,6.0,16.0,118.0
443.0,50070.0,1514.0,6.0,24.0,118.0
443.0,50070.0,1514.0,6.0,16.0,118.0
443.0,50070.0,1514.0,6.0,16.0,118.0
443.0,50070.0,1514.0,6.0,16.0,118.0
443.0,50070.0,1514.0,6.0,16.0,118.0
443.0,50070.0,1514.0,6.0,24.0,118.0
443.0,50718.0,1514.0,6.0,24.0,118.0
443.0,50718.0,1514.0,6.0,16.0,118.0
443.0,50718.0,1514.0,6.0,16.0,118.0
50070.0,443.0,54.0,6.0,16.0,128.0
50718.0,443.0,54.0,6.0,16.0,128.0
443.0,50718.0,1514.0,6.0,16.0,118.0
443.0,50718.0,1514.0,6.0,16.0,118.0
443.0,50718.0,1514.0,6.0,16.0,118.0
443.0,50718.0,1514.0,6.0,24.0,118.0
443.0,50718.0,1514.0,6.0,16.0,118.0
443.0,50718.0,1514.0,6.0,16.0,118.0
443.0,50718.0,1514.0,6.0,16.0,118.0
443.0,50718.0,1514.0,6.0,16.0,118.0
443.0,50718.0,1514.0,6.0,16.0,118.0
443.0,50718.0,1514.0,6.0,24.0,118.0
443.0,50718.0,1514.0,6.0,16.0,118.0
443.0,50718.0,1514.0,6.0,16.0,118.0
443.0,50718.0,1514.0,6.0,16.0,118.0
50718.0,443.0,54.0,6.0,16.0,128.0
443.0,50718.0,1514.0,6.0,16.0,118.0
443.0,50718.0,1514.0,6.0,24.0,118.0
443.0,50718.0,1514.0,6.0,16.0,118.0
443.0,50718.0,1514.0,6.0,16.0,118.0
443.0,50718.0,1514.0,6.0,16.0,118.0
443.0,50718.0,1514.0,6.0,16.0,118.0
443.0,50718.0,1514.0,6.0,16.0,118.0
443.0,50718.0,1514.0,6.0,24.0,118.0
443.0,50718.0,1514.0,6.0,16.0,118.0
443.0,50718.0,1514.0,6.0,16.0,118.0
443.0,50718.0,1514.0,6.0,16.0,118.0
443.0,50718.0,1514.0,6.0,16.0,118.0
443.0,50718.0,1514.0,6.0,24.0,118.0
443.0,50718.0,882.0,6.0,24.0,118.0
50718.0,443.0,54.0,6.0,16.0,128.0
443.0,50070.0,1514.0,6.0,16.0,118.0
443.0,50070.0,1514.0,6.0,16.0,118.0
443.0,50070.0,1514.0,6.0,16.0,118.0
443.0,50070.0,1514.0,6.0,16.0,118.0
443.0,50070.0,1514.0,6.0,16.0,118.0
443.0,50070.0,1514.0,6.0,24.0,118.0
50070.0,443.0,54.0,6.0,16.0,128.0
443.0,50070.0,1514.0,6.0,16.0,118.0
443.0,50070.0,1514.0,6.0,16.0,118.0
443.0,50070.0,1514.0,6.0,16.0,118.0
443.0,50070.0,1514.0,6.0,16.0,118.0
443.0,50070.0,1514.0,6.0,16.0,118.0
443.0,50070.0,1514.0,6.0,24.0,118.0
443.0,50070.0,1514.0,6.0,16.0,118.0
443.0,50070.0,1514.0,6.0,16.0,118.0
443.0,50070.0,1514.0,6.0,16.0,118.0
443.0,50070.0,1514.0,6.0,16.0,118.0
443.0,50070.0,1514.0,6.0,24.0,118.0
443.0,50070.0,1514.0,6.0,16.0,118.0
443.0,50070.0,1514.0,6.0,16.0,118.0
443.0,50070.0,1514.0,6.0,16.0,118.0
443.0,50070.0,1514.0,6.0,16.0,118.0
443.0,50070.0,1514.0,6.0,16.0,118.0
443.0,50070.0,1514.0,6.0,24.0,118.0
443.0,50070.0,1514.0,6.0,16.0,118.0
443.0,50070.0,1514.0,6.0,16.0,118.0
443.0,50070.0,1514.0,6.0,16.0,118.0
443.0,50070.0,1514.0,6.0,16.0,118.0
443.0,50070.0,1514.0,6.0,24.0,118.0
443.0,50070.0,1514.0,6.0,16.0,118.0
443.0,50070.0,1514.0,6.0,16.0,118.0
50070.0,443.0,54.0,6.0,16.0,128.0
443.0,50070.0,1514.0,6.0,16.0,118.0
443.0,50070.0,1514.0,6.0,16.0,118.0
443.0,50070.0,1514.0,6.0,16.0,118.0
443.0,50070.0,1514.0,6.0,24.0,118.0
443.0,50070.0,1514.0,6.0,16.0,118.0
443.0,50070.0,1514.0,6.0,16.0,118.0
443.0,50070.0,1514.0,6.0,16.0,118.0
443.0,50070.0,1514.0,6.0,16.0,118.0
50070.0,443.0,54.0,6.0,16.0,128.0
443.0,50070.0,1514.0,6.0,16.0,118.0
443.0,50070.0,1357.0,6.0,24.0,118.0
50070.0,443.0,54.0,6.0,16.0,128.0
443.0,61614.0,78.0,6.0,24.0,55.0
61614.0,443.0,82.0,6.0,24.0,128.0
443.0,61614.0,60.0,6.0,16.0,55.0
443.0,50070.0,1514.0,6.0,16.0,118.0
443.0,50070.0,1514.0,6.0,16.0,118.0
50070.0,443.0,54.0,6.0,16.0,128.0
443.0,50070.0,1514.0,6.0,16.0,118.0
443.0,50070.0,1514.0,6.0,16.0,118.0
443.0,50070.0,1514.0,6.0,16.0,118.0
443.0,50070.0,977.0,6.0,24.0,118.0
443.0,50070.0,1514.0,6.0,16.0,118.0
443.0,50070.0,1514.0,6.0,16.0,118.0
443.0,50070.0,1514.0,6.0,16.0,118.0
443.0,50070.0,1514.0,6.0,16.0,118.0
443.0,50070.0,1514.0,6.0,16.0,118.0
443.0,50070.0,977.0,6.0,24.0,118.0
443.0,50070.0,1514.0,6.0,16.0,118.0
443.0,50070.0,1514.0,6.0,16.0,118.0
443.0,50070.0,1514.0,6.0,16.0,118.0
443.0,50070.0,1514.0,6.0,16.0,118.0
443.0,50070.0,1514.0,6.0,16.0,118.0
443.0,50070.0,977.0,6.0,24.0,118.0
443.0,50070.0,1514.0,6.0,16.0,118.0
443.0,50070.0,1514.0,6.0,16.0,118.0
443.0,50070.0,1514.0,6.0,16.0,118.0
443.0,50070.0,1514.0,6.0,16.0,118.0
443.0,50070.0,1514.0,6.0,16.0,118.0
443.0,50070.0,977.0,6.0,24.0,118.0
443.0,50070.0,1514.0,6.0,16.0,118.0
443.0,50070.0,1514.0,6.0,16.0,118.0
443.0,50070.0,1514.0,6.0,16.0,118.0
443.0,50070.0,1514.0,6.0,16.0,118.0
443.0,50070.0,1514.0,6.0,16.0,118.0
443.0,50070.0,977.0,6.0,24.0,118.0
443.0,50070.0,1514.0,6.0,16.0,118.0
443.0,50070.0,1514.0,6.0,16.0,118.0
443.0,50070.0,1514.0,6.0,16.0,118.0
443.0,50070.0,1514.0,6.0,16.0,118.0
50070.0,443.0,54.0,6.0,16.0,128.0
443.0,50070.0,1514.0,6.0,16.0,118.0
443.0,50070.0,977.0,6.0,24.0,118.0
443.0,50070.0,1514.0,6.0,16.0,118.0
443.0,50070.0,1514.0,6.0,16.0,118.0
443.0,50070.0,1514.0,6.0,16.0,118.0
443.0,50070.0,1514.0,6.0,16.0,118.0
443.0,50070.0,1514.0,6.0,16.0,118.0
443.0,50070.0,977.0,6.0,24.0,118.0
443.0,50070.0,1514.0,6.0,16.0,118.0
443.0,50070.0,1514.0,6.0,16.0,118.0
443.0,50070.0,1514.0,6.0,16.0,118.0
443.0,50070.0,1514.0,6.0,16.0,118.0
443.0,50070.0,1514.0,6.0,16.0,118.0
50070.0,443.0,54.0,6.0,16.0,128.0
443.0,50070.0,977.0,6.0,24.0,118.0
443.0,50070.0,1514.0,6.0,16.0,118.0
443.0,50070.0,1514.0,6.0,16.0,118.0
50070.0,443.0,54.0,6.0,16.0,128.0
443.0,50070.0,1514.0,6.0,16.0,118.0
443.0,50070.0,1514.0,6.0,16.0,118.0
443.0,50070.0,1514.0,6.0,16.0,118.0
443.0,50070.0,1514.0,6.0,24.0,118.0
50070.0,443.0,54.0,6.0,16.0,128.0
443.0,50070.0,1514.0,6.0,16.0,118.0
443.0,50070.0,1514.0,6.0,16.0,118.0
443.0,50070.0,1514.0,6.0,16.0,118.0
443.0,50070.0,1514.0,6.0,16.0,118.0
443.0,50070.0,1514.0,6.0,16.0,118.0
443.0,50070.0,1514.0,6.0,24.0,118.0
443.0,50070.0,1514.0,6.0,16.0,118.0
443.0,50070.0,1514.0,6.0,16.0,118.0
443.0,50070.0,1514.0,6.0,16.0,118.0
443.0,50070.0,1514.0,6.0,16.0,118.0
443.0,50070.0,1514.0,6.0,24.0,118.0
443.0,50070.0,1514.0,6.0,16.0,118.0
443.0,50070.0,1514.0,6.0,16.0,118.0
443.0,50070.0,1514.0,6.0,16.0,118.0
443.0,50070.0,1514.0,6.0,16.0,118.0
443.0,50070.0,1514.0,6.0,16.0,118.0
443.0,50070.0,1514.0,6.0,24.0,118.0
443.0,50070.0,410.0,6.0,24.0,118.0
443.0,50070.0,1514.0,6.0,16.0,118.0
443.0,50070.0,1514.0,6.0,16.0,118.0
443.0,50070.0,1514.0,6.0,16.0,118.0
50070.0,443.0,66.0,6.0,16.0,128.0
50070.0,443.0,66.0,6.0,16.0,128.0
50070.0,443.0,66.0,6.0,16.0,128.0
50070.0,443.0,54.0,6.0,16.0,128.0
59749.0,443.0,144.0,6.0,24.0,128.0
443.0,59749.0,60.0,6.0,16.0,52.0
5353.0,5353.0,113.0,17.0,0.0,255.0
443.0,59749.0,133.0,6.0,24.0,52.0
59749.0,443.0,54.0,6.0,16.0,128.0
27036.0,54992.0,92.0,6.0,24.0,128.0
54992.0,27036.0,101.0,6.0,24.0,128.0
27036.0,54992.0,54.0,6.0,16.0,128.0
5353.0,5353.0,1087.0,17.0,0.0,255.0
137.0,137.0,110.0,17.0,0.0,64.0
137.0,137.0,110.0,17.0,0.0,64.0
137.0,137.0,110.0,17.0,0.0,64.0
137.0,137.0,110.0,17.0,0.0,64.0
137.0,137.0,110.0,17.0,0.0,64.0
137.0,137.0,110.0,17.0,0.0,64.0
137.0,137.0,110.0,17.0,0.0,64.0
137.0,137.0,110.0,17.0,0.0,64.0
137.0,137.0,110.0,17.0,0.0,64.0
137.0,137.0,110.0,17.0,0.0,64.0
137.0,137.0,110.0,17.0,0.0,64.0
137.0,137.0,110.0,17.0,0.0,64.0
137.0,137.0,110.0,17.0,0.0,64.0
137.0,137.0,110.0,17.0,0.0,64.0
137.0,137.0,110.0,17.0,0.0,64.0
137.0,137.0,110.0,17.0,0.0,64.0
137.0,137.0,110.0,17.0,0.0,64.0
137.0,137.0,110.0,17.0,0.0,64.0
137.0,137.0,110.0,17.0,0.0,64.0
137.0,137.0,110.0,17.0,0.0,64.0
53178.0,1900.0,362.0,17.0,0.0,4.0
38055.0,1900.0,418.0,17.0,0.0,4.0
49162.0,4501.0,146.0,17.0,0.0,128.0
4501.0,49162.0,194.0,17.0,0.0,53.0
64239.0,443.0,1292.0,17.0,0.0,128.0
64239.0,443.0,1292.0,17.0,0.0,128.0
64239.0,443.0,124.0,17.0,0.0,128.0
41903.0,1900.0,371.0,17.0,0.0,4.0
47045.0,1900.0,428.0,17.0,0.0,4.0
34989.0,1900.0,416.0,17.0,0.0,4.0
5353.0,5353.0,262.0,17.0,0.0,255.0
443.0,64239.0,82.0,17.0,0.0,57.0
443.0,64239.0,1292.0,17.0,0.0,57.0
443.0,64239.0,1292.0,17.0,0.0,57.0
443.0,64239.0,341.0,17.0,0.0,57.0
443.0,64239.0,993.0,17.0,0.0,57.0
443.0,64239.0,86.0,17.0,0.0,57.0
64239.0,443.0,120.0,17.0,0.0,128.0
64239.0,443.0,73.0,17.0,0.0,128.0
64239.0,443.0,1288.0,17.0,0.0,128.0
64239.0,443.0,1292.0,17.0,0.0,128.0
64239.0,443.0,1292.0,17.0,0.0,128.0
64239.0,443.0,1292.0,17.0,0.0,128.0
64239.0,443.0,1292.0,17.0,0.0,128.0
64239.0,443.0,1292.0,17.0,0.0,128.0
64239.0,443.0,1292.0,17.0,0.0,128.0
64239.0,443.0,1292.0,17.0,0.0,128.0
64239.0,443.0,1292.0,17.0,0.0,128.0
64239.0,443.0,1292.0,17.0,0.0,128.0
443.0,64239.0,66.0,17.0,0.0,57.0
64239.0,443.0,1292.0,17.0,0.0,128.0
64239.0,443.0,1292.0,17.0,0.0,128.0
64239.0,443.0,1292.0,17.0,0.0,128.0
64239.0,443.0,1292.0,17.0,0.0,128.0
64239.0,443.0,1292.0,17.0,0.0,128.0
64239.0,443.0,1292.0,17.0,0.0,128.0
64239.0,443.0,1292.0,17.0,0.0,128.0
64239.0,443.0,1292.0,17.0,0.0,128.0
64239.0,443.0,1292.0,17.0,0.0,128.0
64239.0,443.0,1292.0,17.0,0.0,128.0
64239.0,443.0,1292.0,17.0,0.0,128.0
64239.0,443.0,1292.0,17.0,0.0,128.0
64239.0,443.0,1292.0,17.0,0.0,128.0
64239.0,443.0,1292.0,17.0,0.0,128.0
64239.0,443.0,1292.0,17.0,0.0,128.0
64239.0,443.0,1292.0,17.0,0.0,128.0
64239.0,443.0,1292.0,17.0,0.0,128.0
64239.0,443.0,1292.0,17.0,0.0,128.0
64239.0,443.0,1292.0,17.0,0.0,128.0
64239.0,443.0,1292.0,17.0,0.0,128.0
64239.0,443.0,1292.0,17.0,0.0,128.0
64239.0,443.0,1292.0,17.0,0.0,128.0
64239.0,443.0,1292.0,17.0,0.0,128.0
64239.0,443.0,1292.0,17.0,0.0,128.0
64239.0,443.0,1292.0,17.0,0.0,128.0
64239.0,443.0,1292.0,17.0,0.0,128.0
64239.0,443.0,1292.0,17.0,0.0,128.0
64239.0,443.0,1292.0,17.0,0.0,128.0
443.0,64239.0,162.0,17.0,0.0,57.0
443.0,64239.0,71.0,17.0,0.0,57.0
64239.0,443.0,1292.0,17.0,0.0,128.0
443.0,64239.0,67.0,17.0,0.0,57.0
64239.0,443.0,1292.0,17.0,0.0,128.0
64239.0,443.0,1292.0,17.0,0.0,128.0
64239.0,443.0,1292.0,17.0,0.0,128.0
64239.0,443.0,1292.0,17.0,0.0,128.0
443.0,64239.0,67.0,17.0,0.0,57.0
443.0,64239.0,67.0,17.0,0.0,57.0
443.0,64239.0,67.0,17.0,0.0,57.0
64239.0,443.0,1292.0,17.0,0.0,128.0
64239.0,443.0,1292.0,17.0,0.0,128.0
443.0,64239.0,67.0,17.0,0.0,57.0
443.0,64239.0,67.0,17.0,0.0,57.0
443.0,64239.0,67.0,17.0,0.0,57.0
64239.0,443.0,1292.0,17.0,0.0,128.0
64239.0,443.0,1292.0,17.0,0.0,128.0
64239.0,443.0,1292.0,17.0,0.0,128.0
64239.0,443.0,1292.0,17.0,0.0,128.0
64239.0,443.0,1292.0,17.0,0.0,128.0
64239.0,443.0,1292.0,17.0,0.0,128.0
443.0,64239.0,67.0,17.0,0.0,57.0
64239.0,443.0,1292.0,17.0,0.0,128.0
64239.0,443.0,1292.0,17.0,0.0,128.0
64239.0,443.0,1292.0,17.0,0.0,128.0
64239.0,443.0,1292.0,17.0,0.0,128.0
64239.0,443.0,1292.0,17.0,0.0,128.0
64239.0,443.0,1292.0,17.0,0.0,128.0
64239.0,443.0,1292.0,17.0,0.0,128.0
64239.0,443.0,1292.0,17.0,0.0,128.0
64239.0,443.0,1292.0,17.0,0.0,128.0
64239.0,443.0,1292.0,17.0,0.0,128.0
64239.0,443.0,1292.0,17.0,0.0,128.0
64239.0,443.0,1292.0,17.0,0.0,128.0
64239.0,443.0,1292.0,17.0,0.0,128.0
64239.0,443.0,1292.0,17.0,0.0,128.0
443.0,64239.0,67.0,17.0,0.0,57.0
443.0,64239.0,67.0,17.0,0.0,57.0
443.0,64239.0,67.0,17.0,0.0,57.0
64239.0,443.0,1292.0,17.0,0.0,128.0
64239.0,443.0,1292.0,17.0,0.0,128.0
443.0,64239.0,67.0,17.0,0.0,57.0
64239.0,443.0,1292.0,17.0,0.0,128.0
64239.0,443.0,1292.0,17.0,0.0,128.0
64239.0,443.0,1292.0,17.0,0.0,128.0
64239.0,443.0,1292.0,17.0,0.0,128.0
64239.0,443.0,1292.0,17.0,0.0,128.0
64239.0,443.0,1292.0,17.0,0.0,128.0
443.0,64239.0,67.0,17.0,0.0,57.0
443.0,64239.0,67.0,17.0,0.0,57.0
443.0,64239.0,67.0,17.0,0.0,57.0
443.0,64239.0,67.0,17.0,0.0,57.0
443.0,64239.0,67.0,17.0,0.0,57.0
443.0,64239.0,67.0,17.0,0.0,57.0
443.0,64239.0,67.0,17.0,0.0,57.0
64239.0,443.0,1292.0,17.0,0.0,128.0
64239.0,443.0,1292.0,17.0,0.0,128.0
64239.0,443.0,1292.0,17.0,0.0,128.0
64239.0,443.0,1292.0,17.0,0.0,128.0
64239.0,443.0,1292.0,17.0,0.0,128.0
64239.0,443.0,1292.0,17.0,0.0,128.0
64239.0,443.0,1292.0,17.0,0.0,128.0
64239.0,443.0,1292.0,17.0,0.0,128.0
64239.0,443.0,1292.0,17.0,0.0,128.0
64239.0,443.0,1292.0,17.0,0.0,128.0
64239.0,443.0,1292.0,17.0,0.0,128.0
64239.0,443.0,1292.0,17.0,0.0,128.0
64239.0,443.0,1292.0,17.0,0.0,128.0
64239.0,443.0,1292.0,17.0,0.0,128.0
64239.0,443.0,1292.0,17.0,0.0,128.0
64239.0,443.0,1292.0,17.0,0.0,128.0
64239.0,443.0,1292.0,17.0,0.0,128.0
64239.0,443.0,1292.0,17.0,0.0,128.0
64239.0,443.0,1292.0,17.0,0.0,128.0
64239.0,443.0,1292.0,17.0,0.0,128.0
64239.0,443.0,1292.0,17.0,0.0,128.0
64239.0,443.0,1292.0,17.0,0.0,128.0
64239.0,443.0,1292.0,17.0,0.0,128.0
64239.0,443.0,1292.0,17.0,0.0,128.0
64239.0,443.0,1292.0,17.0,0.0,128.0
64239.0,443.0,1292.0,17.0,0.0,128.0
64239.0,443.0,1292.0,17.0,0.0,128.0
64239.0,443.0,1292.0,17.0,0.0,128.0
64239.0,443.0,1292.0,17.0,0.0,128.0
64239.0,443.0,1292.0,17.0,0.0,128.0
64239.0,443.0,1292.0,17.0,0.0,128.0
64239.0,443.0,1292.0,17.0,0.0,128.0
64239.0,443.0,1272.0,17.0,0.0,128.0
443.0,64239.0,70.0,17.0,0.0,57.0
443.0,64239.0,65.0,17.0,0.0,57.0
443.0,64239.0,65.0,17.0,0.0,57.0
443.0,64239.0,65.0,17.0,0.0,57.0
443.0,64239.0,65.0,17.0,0.0,57.0
443.0,64239.0,65.0,17.0,0.0,57.0
443.0,64239.0,65.0,17.0,0.0,57.0
443.0,64239.0,65.0,17.0,0.0,57.0
443.0,64239.0,71.0,17.0,0.0,57.0
443.0,64239.0,65.0,17.0,0.0,57.0
64239.0,443.0,74.0,17.0,0.0,128.0
443.0,64239.0,66.0,17.0,0.0,57.0
443.0,64239.0,66.0,17.0,0.0,57.0
443.0,64239.0,66.0,17.0,0.0,57.0
443.0,64239.0,66.0,17.0,0.0,57.0
443.0,64239.0,67.0,17.0,0.0,57.0
443.0,64239.0,67.0,17.0,0.0,57.0
443.0,64239.0,67.0,17.0,0.0,57.0
443.0,64239.0,67.0,17.0,0.0,57.0
443.0,64239.0,67.0,17.0,0.0,57.0
443.0,64239.0,67.0,17.0,0.0,57.0
443.0,64239.0,67.0,17.0,0.0,57.0
443.0,64239.0,67.0,17.0,0.0,57.0
443.0,64239.0,67.0,17.0,0.0,57.0
443.0,64239.0,67.0,17.0,0.0,57.0
443.0,64239.0,67.0,17.0,0.0,57.0
443.0,64239.0,67.0,17.0,0.0,57.0
443.0,64239.0,67.0,17.0,0.0,57.0
443.0,64239.0,67.0,17.0,0.0,57.0
443.0,64239.0,72.0,17.0,0.0,57.0
443.0,64239.0,67.0,17.0,0.0,57.0
443.0,64239.0,68.0,17.0,0.0,57.0
443.0,64239.0,65.0,17.0,0.0,57.0
64239.0,443.0,74.0,17.0,0.0,128.0
44781.0,1900.0,426.0,17.0,0.0,4.0
443.0,64239.0,534.0,17.0,0.0,57.0
443.0,64239.0,317.0,17.0,0.0,57.0
64239.0,443.0,78.0,17.0,0.0,128.0
443.0,64239.0,67.0,17.0,0.0,57.0
5353.0,5353.0,407.0,17.0,0.0,255.0
5353.0,5353.0,474.0,17.0,0.0,255.0
5353.0,5353.0,123.0,17.0,0.0,255.0
5353.0,5353.0,119.0,17.0,0.0,255.0
58593.0,443.0,66.0,6.0,2.0,128.0
443.0,58593.0,66.0,6.0,18.0,55.0
58593.0,443.0,54.0,6.0,16.0,128.0
58593.0,443.0,1454.0,6.0,16.0,128.0
58593.0,443.0,710.0,6.0,24.0,128.0
443.0,58593.0,54.0,6.0,16.0,55.0
443.0,58593.0,1429.0,6.0,24.0,55.0
58593.0,443.0,118.0,6.0,24.0,128.0
58593.0,443.0,146.0,6.0,24.0,128.0
58593.0,443.0,1454.0,6.0,16.0,128.0
58593.0,443.0,1454.0,6.0,16.0,128.0
58593.0,443.0,1454.0,6.0,16.0,128.0
58593.0,443.0,1454.0,6.0,16.0,128.0
58593.0,443.0,1275.0,6.0,24.0,128.0
58593.0,443.0,494.0,6.0,24.0,128.0
443.0,58593.0,582.0,6.0,24.0,55.0
58593.0,443.0,54.0,6.0,16.0,128.0
58593.0,443.0,85.0,6.0,24.0,128.0
443.0,58593.0,54.0,6.0,16.0,55.0
443.0,58593.0,85.0,6.0,24.0,55.0
443.0,58593.0,54.0,6.0,16.0,55.0
443.0,58593.0,54.0,6.0,16.0,55.0
443.0,58593.0,54.0,6.0,16.0,55.0
5353.0,5353.0,104.0,17.0,0.0,255.0
5353.0,5353.0,104.0,17.0,0.0,255.0
58593.0,443.0,54.0,6.0,16.0,128.0
5353.0,5353.0,119.0,17.0,0.0,255.0
443.0,58593.0,717.0,6.0,24.0,55.0
443.0,58593.0,361.0,6.0,24.0,55.0
443.0,58593.0,85.0,6.0,24.0,55.0
58593.0,443.0,54.0,6.0,16.0,128.0
5353.0,5353.0,392.0,17.0,0.0,255.0
138.0,138.0,255.0,17.0,0.0,64.0
5353.0,5353.0,119.0,17.0,0.0,255.0
137.0,137.0,110.0,17.0,0.0,64.0
137.0,137.0,110.0,17.0,0.0,64.0
137.0,137.0,110.0,17.0,0.0,64.0
137.0,137.0,110.0,17.0,0.0,64.0
137.0,137.0,110.0,17.0,0.0,64.0
50433.0,443.0,1292.0,17.0,0.0,128.0
50433.0,443.0,1292.0,17.0,0.0,128.0
50433.0,443.0,120.0,17.0,0.0,128.0
443.0,50433.0,82.0,17.0,0.0,56.0
443.0,50433.0,1292.0,17.0,0.0,56.0
443.0,50433.0,1292.0,17.0,0.0,56.0
443.0,50433.0,347.0,17.0,0.0,56.0
443.0,50433.0,672.0,17.0,0.0,56.0
50433.0,443.0,120.0,17.0,0.0,128.0
50433.0,443.0,73.0,17.0,0.0,128.0
50433.0,443.0,1288.0,17.0,0.0,128.0
50433.0,443.0,1292.0,17.0,0.0,128.0
50433.0,443.0,521.0,17.0,0.0,128.0
50433.0,443.0,809.0,17.0,0.0,128.0
50433.0,443.0,525.0,17.0,0.0,128.0
50433.0,443.0,809.0,17.0,0.0,128.0
50433.0,443.0,525.0,17.0,0.0,128.0
50433.0,443.0,809.0,17.0,0.0,128.0
50433.0,443.0,525.0,17.0,0.0,128.0
50433.0,443.0,131.0,17.0,0.0,128.0
50433.0,443.0,1288.0,17.0,0.0,128.0
50433.0,443.0,1292.0,17.0,0.0,128.0
50433.0,443.0,1292.0,17.0,0.0,128.0
50433.0,443.0,103.0,17.0,0.0,128.0
443.0,50433.0,67.0,17.0,0.0,56.0
443.0,50433.0,162.0,17.0,0.0,56.0
443.0,50433.0,67.0,17.0,0.0,56.0
443.0,50433.0,67.0,17.0,0.0,56.0
443.0,50433.0,67.0,17.0,0.0,56.0
443.0,50433.0,67.0,17.0,0.0,56.0
443.0,50433.0,71.0,17.0,0.0,56.0
443.0,50433.0,67.0,17.0,0.0,56.0
443.0,50433.0,67.0,17.0,0.0,56.0
50433.0,443.0,75.0,17.0,0.0,128.0
50433.0,443.0,75.0,17.0,0.0,128.0
443.0,50433.0,71.0,17.0,0.0,56.0
50433.0,443.0,73.0,17.0,0.0,128.0
443.0,50433.0,69.0,17.0,0.0,56.0
443.0,50433.0,887.0,17.0,0.0,56.0
50433.0,443.0,77.0,17.0,0.0,128.0
137.0,137.0,110.0,17.0,0.0,64.0
137.0,137.0,110.0,17.0,0.0,64.0
137.0,137.0,110.0,17.0,0.0,64.0
137.0,137.0,110.0,17.0,0.0,64.0
137.0,137.0,110.0,17.0,0.0,64.0
138.0,138.0,255.0,17.0,0.0,64.0
5353.0,5353.0,392.0,17.0,0.0,255.0
5353.0,5353.0,113.0,17.0,0.0,255.0
443.0,50433.0,146.0,17.0,0.0,56.0
443.0,50433.0,744.0,17.0,0.0,56.0
50433.0,443.0,77.0,17.0,0.0,128.0
443.0,50433.0,65.0,17.0,0.0,56.0
58975.0,443.0,1292.0,17.0,0.0,128.0
58975.0,443.0,1292.0,17.0,0.0,128.0
58975.0,443.0,124.0,17.0,0.0,128.0
443.0,58975.0,82.0,17.0,0.0,56.0
443.0,58975.0,1292.0,17.0,0.0,56.0
443.0,58975.0,1292.0,17.0,0.0,56.0
443.0,58975.0,345.0,17.0,0.0,56.0
58975.0,443.0,120.0,17.0,0.0,128.0
58975.0,443.0,1288.0,17.0,0.0,128.0
58975.0,443.0,1292.0,17.0,0.0,128.0
58975.0,443.0,1292.0,17.0,0.0,128.0
58975.0,443.0,1292.0,17.0,0.0,128.0
58975.0,443.0,1292.0,17.0,0.0,128.0
58975.0,443.0,1292.0,17.0,0.0,128.0
58975.0,443.0,1292.0,17.0,0.0,128.0
58975.0,443.0,1292.0,17.0,0.0,128.0
58975.0,443.0,1292.0,17.0,0.0,128.0
58975.0,443.0,1292.0,17.0,0.0,128.0
58975.0,443.0,1292.0,17.0,0.0,128.0
58975.0,443.0,1292.0,17.0,0.0,128.0
443.0,58975.0,989.0,17.0,0.0,56.0
443.0,58975.0,70.0,17.0,0.0,56.0
58975.0,443.0,73.0,17.0,0.0,128.0
443.0,58975.0,66.0,17.0,0.0,56.0
58975.0,443.0,1292.0,17.0,0.0,128.0
58975.0,443.0,1292.0,17.0,0.0,128.0
58975.0,443.0,1292.0,17.0,0.0,128.0
58975.0,443.0,1292.0,17.0,0.0,128.0
58975.0,443.0,1292.0,17.0,0.0,128.0
58975.0,443.0,1292.0,17.0,0.0,128.0
58975.0,443.0,1292.0,17.0,0.0,128.0
58975.0,443.0,1292.0,17.0,0.0,128.0
58975.0,443.0,1292.0,17.0,0.0,128.0
58975.0,443.0,1292.0,17.0,0.0,128.0
58975.0,443.0,1292.0,17.0,0.0,128.0
58975.0,443.0,1292.0,17.0,0.0,128.0
58975.0,443.0,1292.0,17.0,0.0,128.0
58975.0,443.0,1292.0,17.0,0.0,128.0
58975.0,443.0,1292.0,17.0,0.0,128.0
58975.0,443.0,417.0,17.0,0.0,128.0
443.0,58975.0,162.0,17.0,0.0,56.0
443.0,58975.0,71.0,17.0,0.0,56.0
443.0,58975.0,67.0,17.0,0.0,56.0
443.0,58975.0,67.0,17.0,0.0,56.0
443.0,58975.0,67.0,17.0,0.0,56.0
443.0,58975.0,67.0,17.0,0.0,56.0
58975.0,443.0,73.0,17.0,0.0,128.0
443.0,58975.0,67.0,17.0,0.0,56.0
443.0,58975.0,69.0,17.0,0.0,56.0
443.0,58975.0,69.0,17.0,0.0,56.0
443.0,58975.0,67.0,17.0,0.0,56.0
443.0,58975.0,67.0,17.0,0.0,56.0
443.0,58975.0,67.0,17.0,0.0,56.0
443.0,58975.0,67.0,17.0,0.0,56.0
443.0,58975.0,67.0,17.0,0.0,56.0
443.0,58975.0,67.0,17.0,0.0,56.0
443.0,58975.0,67.0,17.0,0.0,56.0
443.0,58975.0,67.0,17.0,0.0,56.0
443.0,58975.0,67.0,17.0,0.0,56.0
443.0,58975.0,567.0,17.0,0.0,56.0
58975.0,443.0,78.0,17.0,0.0,128.0
443.0,58975.0,534.0,17.0,0.0,56.0
58975.0,443.0,75.0,17.0,0.0,128.0
443.0,59749.0,78.0,6.0,24.0,52.0
59749.0,443.0,82.0,6.0,24.0,128.0
443.0,58975.0,66.0,17.0,0.0,56.0
443.0,59749.0,60.0,6.0,16.0,52.0
5353.0,5353.0,392.0,17.0,0.0,255.0
5353.0,5353.0,356.0,17.0,0.0,255.0
5353.0,5353.0,474.0,17.0,0.0,255.0
5353.0,5353.0,106.0,17.0,0.0,255.0
5353.0,5353.0,104.0,17.0,0.0,255.0
5353.0,5353.0,1087.0,17.0,0.0,255.0
5353.0,5353.0,113.0,17.0,0.0,255.0
443.0,52064.0,122.0,17.0,0.0,57.0
52064.0,443.0,75.0,17.0,0.0,128.0
50718.0,443.0,54.0,6.0,17.0,128.0
50070.0,443.0,54.0,6.0,17.0,128.0
56968.0,443.0,54.0,6.0,17.0,128.0
443.0,50718.0,60.0,6.0,16.0,118.0
443.0,50718.0,54.0,6.0,17.0,118.0
50718.0,443.0,54.0,6.0,16.0,128.0
443.0,50070.0,60.0,6.0,16.0,118.0
443.0,50070.0,54.0,6.0,17.0,118.0
50070.0,443.0,54.0,6.0,16.0,128.0
443.0,56968.0,54.0,6.0,17.0,111.0
56968.0,443.0,54.0,6.0,16.0,128.0
5353.0,5353.0,1087.0,17.0,0.0,255.0
137.0,137.0,110.0,17.0,0.0,64.0
137.0,137.0,110.0,17.0,0.0,64.0
137.0,137.0,110.0,17.0,0.0,64.0
137.0,137.0,110.0,17.0,0.0,64.0
137.0,137.0,110.0,17.0,0.0,64.0
137.0,137.0,110.0,17.0,0.0,64.0
137.0,137.0,110.0,17.0,0.0,64.0
137.0,137.0,110.0,17.0,0.0,64.0
137.0,137.0,110.0,17.0,0.0,64.0
137.0,137.0,110.0,17.0,0.0,64.0
5353.0,5353.0,262.0,17.0,0.0,255.0
5353.0,5353.0,407.0,17.0,0.0,255.0
5353.0,5353.0,474.0,17.0,0.0,255.0
5353.0,5353.0,104.0,17.0,0.0,255.0
5353.0,5353.0,119.0,17.0,0.0,255.0
5353.0,5353.0,104.0,17.0,0.0,255.0
5353.0,5353.0,119.0,17.0,0.0,255.0
5353.0,5353.0,106.0,17.0,0.0,255.0
5353.0,5353.0,392.0,17.0,0.0,255.0
138.0,138.0,255.0,17.0,0.0,64.0
5353.0,5353.0,119.0,17.0,0.0,255.0
137.0,137.0,110.0,17.0,0.0,64.0
137.0,137.0,110.0,17.0,0.0,64.0
137.0,137.0,110.0,17.0,0.0,64.0
137.0,137.0,110.0,17.0,0.0,64.0
137.0,137.0,110.0,17.0,0.0,64.0
138.0,138.0,255.0,17.0,0.0,64.0
5353.0,5353.0,392.0,17.0,0.0,255.0
5353.0,5353.0,113.0,17.0,0.0,255.0
49162.0,4501.0,162.0,17.0,0.0,128.0
4501.0,49162.0,162.0,17.0,0.0,53.0
57495.0,1900.0,362.0,17.0,0.0,4.0
42499.0,1900.0,418.0,17.0,0.0,4.0
5353.0,5353.0,356.0,17.0,0.0,255.0
5353.0,5353.0,474.0,17.0,0.0,255.0
5353.0,5353.0,392.0,17.0,0.0,255.0
51390.0,1900.0,371.0,17.0,0.0,4.0
48747.0,1900.0,428.0,17.0,0.0,4.0
5353.0,5353.0,104.0,17.0,0.0,255.0
56917.0,1900.0,416.0,17.0,0.0,4.0
45735.0,1900.0,426.0,17.0,0.0,4.0
58593.0,443.0,1454.0,6.0,16.0,128.0
58593.0,443.0,1454.0,6.0,16.0,128.0
58593.0,443.0,1454.0,6.0,16.0,128.0
58593.0,443.0,1454.0,6.0,16.0,128.0
58593.0,443.0,1275.0,6.0,24.0,128.0
58593.0,443.0,494.0,6.0,24.0,128.0
5353.0,5353.0,104.0,17.0,0.0,255.0
443.0,58593.0,54.0,6.0,16.0,55.0
443.0,58593.0,373.0,6.0,24.0,55.0
443.0,58593.0,362.0,6.0,24.0,55.0
58593.0,443.0,54.0,6.0,16.0,128.0
443.0,58593.0,85.0,6.0,24.0,55.0
5353.0,5353.0,1087.0,17.0,0.0,255.0
58593.0,443.0,54.0,6.0,16.0,128.0
5353.0,5353.0,106.0,17.0,0.0,255.0
5353.0,5353.0,113.0,17.0,0.0,255.0
5353.0,5353.0,1087.0,17.0,0.0,255.0
137.0,137.0,110.0,17.0,0.0,64.0
137.0,137.0,110.0,17.0,0.0,64.0
137.0,137.0,110.0,17.0,0.0,64.0
137.0,137.0,110.0,17.0,0.0,64.0
137.0,137.0,110.0,17.0,0.0,64.0
137.0,137.0,110.0,17.0,0.0,64.0
137.0,137.0,110.0,17.0,0.0,64.0
137.0,137.0,110.0,17.0,0.0,64.0
137.0,137.0,110.0,17.0,0.0,64.0
137.0,137.0,110.0,17.0,0.0,64.0
5353.0,5353.0,262.0,17.0,0.0,255.0
5353.0,5353.0,356.0,17.0,0.0,255.0
5353.0,5353.0,474.0,17.0,0.0,255.0
5353.0,5353.0,262.0,17.0,0.0,255.0
5353.0,5353.0,407.0,17.0,0.0,255.0
5353.0,5353.0,474.0,17.0,0.0,255.0
5353.0,5353.0,104.0,17.0,0.0,255.0
5353.0,5353.0,119.0,17.0,0.0,255.0
5353.0,5353.0,106.0,17.0,0.0,255.0
5353.0,5353.0,119.0,17.0,0.0,255.0
138.0,138.0,255.0,17.0,0.0,64.0
138.0,138.0,255.0,17.0,0.0,64.0
5353.0,5353.0,392.0,17.0,0.0,255.0
137.0,137.0,110.0,17.0,0.0,64.0
137.0,137.0,110.0,17.0,0.0,64.0
137.0,137.0,110.0,17.0,0.0,64.0
137.0,137.0,110.0,17.0,0.0,64.0
137.0,137.0,110.0,17.0,0.0,64.0
138.0,138.0,255.0,17.0,0.0,64.0
5353.0,5353.0,119.0,17.0,0.0,255.0
137.0,137.0,110.0,17.0,0.0,64.0
137.0,137.0,110.0,17.0,0.0,64.0
137.0,137.0,110.0,17.0,0.0,64.0
137.0,137.0,110.0,17.0,0.0,64.0
137.0,137.0,110.0,17.0,0.0,64.0
138.0,138.0,255.0,17.0,0.0,64.0
5353.0,5353.0,392.0,17.0,0.0,255.0
5353.0,5353.0,113.0,17.0,0.0,255.0
5353.0,5353.0,392.0,17.0,0.0,255.0
5353.0,5353.0,474.0,17.0,0.0,255.0
5353.0,5353.0,104.0,17.0,0.0,255.0
5353.0,5353.0,356.0,17.0,0.0,255.0
5353.0,5353.0,106.0,17.0,0.0,255.0
5353.0,5353.0,1087.0,17.0,0.0,255.0
443.0,52064.0,122.0,17.0,0.0,57.0
52064.0,443.0,75.0,17.0,0.0,128.0
5353.0,5353.0,113.0,17.0,0.0,255.0
5353.0,5353.0,1087.0,17.0,0.0,255.0
137.0,137.0,110.0,17.0,0.0,64.0
137.0,137.0,110.0,17.0,0.0,64.0
137.0,137.0,110.0,17.0,0.0,64.0
137.0,137.0,110.0,17.0,0.0,64.0
137.0,137.0,110.0,17.0,0.0,64.0
137.0,137.0,110.0,17.0,0.0,64.0
137.0,137.0,110.0,17.0,0.0,64.0
137.0,137.0,110.0,17.0,0.0,64.0
137.0,137.0,110.0,17.0,0.0,64.0
137.0,137.0,110.0,17.0,0.0,64.0
5353.0,5353.0,262.0,17.0,0.0,255.0
137.0,137.0,110.0,17.0,0.0,64.0
137.0,137.0,110.0,17.0,0.0,64.0
137.0,137.0,110.0,17.0,0.0,64.0
137.0,137.0,110.0,17.0,0.0,64.0
137.0,137.0,110.0,17.0,0.0,64.0
137.0,137.0,110.0,17.0,0.0,64.0
137.0,137.0,110.0,17.0,0.0,64.0
137.0,137.0,110.0,17.0,0.0,64.0
137.0,137.0,110.0,17.0,0.0,64.0
137.0,137.0,110.0,17.0,0.0,64.0
5353.0,5353.0,262.0,17.0,0.0,255.0
5353.0,5353.0,474.0,17.0,0.0,255.0
5353.0,5353.0,104.0,17.0,0.0,255.0
52889.0,1900.0,362.0,17.0,0.0,4.0
5353.0,5353.0,407.0,17.0,0.0,255.0
39683.0,1900.0,418.0,17.0,0.0,4.0
56205.0,1900.0,371.0,17.0,0.0,4.0
5353.0,5353.0,119.0,17.0,0.0,255.0
52816.0,1900.0,428.0,17.0,0.0,4.0
58593.0,443.0,1454.0,6.0,16.0,128.0
58593.0,443.0,1454.0,6.0,16.0,128.0
58593.0,443.0,1454.0,6.0,16.0,128.0
58593.0,443.0,1454.0,6.0,16.0,128.0
58593.0,443.0,1276.0,6.0,24.0,128.0
58593.0,443.0,494.0,6.0,24.0,128.0
443.0,58593.0,60.0,6.0,16.0,55.0
46803.0,1900.0,416.0,17.0,0.0,4.0
52494.0,1900.0,426.0,17.0,0.0,4.0
5353.0,5353.0,106.0,17.0,0.0,255.0
138.0,138.0,255.0,17.0,0.0,64.0
5353.0,5353.0,119.0,17.0,0.0,255.0
5353.0,5353.0,392.0,17.0,0.0,255.0
443.0,58593.0,379.0,6.0,24.0,55.0
443.0,58593.0,87.0,6.0,24.0,55.0
443.0,58593.0,360.0,6.0,24.0,55.0
443.0,58593.0,85.0,6.0,24.0,55.0
58593.0,443.0,54.0,6.0,16.0,128.0
58593.0,443.0,89.0,6.0,24.0,128.0
443.0,58593.0,60.0,6.0,16.0,55.0
137.0,137.0,110.0,17.0,0.0,64.0
137.0,137.0,110.0,17.0,0.0,64.0
137.0,137.0,110.0,17.0,0.0,64.0
137.0,137.0,110.0,17.0,0.0,64.0
137.0,137.0,110.0,17.0,0.0,64.0
138.0,138.0,255.0,17.0,0.0,64.0
5353.0,5353.0,119.0,17.0,0.0,255.0
